,title,release_year,user_id
0,predestination,2014,1
1,about time,2013,1
2,project almanac,2015,1
3,battlefield earth,2000,2
4,night at the museum,2006,3
5,picture perfect,1997,4
6,it,1927,4
7,man up,2015,4
8,what's your number?,2011,4
9,'til there was you,1997,4
10,going the distance,2010,4
11,how to be single,2016,4
12,killing me softly,2002,4
13,sweet november,1968,5
14,kingpin,1996,5
15,starter for 10,2006,5
16,daddy's home,2015,5
17,easy rider,1969,5
18,pride and glory,2008,5
19,patriot games,1992,5
20,burke and hare,2010,5
21,mortal thoughts,1991,5
22,dead presidents,1995,6
23,bad boys,1983,6
24,first sunday,2008,6
25,juice,1992,6
26,max payne,2008,6
27,philomena,2013,6
28,peeping tom,1960,7
29,d.o.a.,1950,7
30,sherrybaby,2006,7
31,darby o'gill and the little people,1959,7
32,hudson hawk,1991,7
33,autumn in new york,2000,7
34,japanese story,2003,7
35,camp x-ray,2014,7
36,saw ii,2005,7
37,django unchained,2012,7
38,gods and monsters,1998,8
39,silent movie,1976,8
40,death and the maiden,1994,9
41,i shot andy warhol,1996,9
42,prizzi's honor,1985,9
43,land of the lost,2009,9
44,boat trip,2003,9
45,running scared,1980,9
46,super,2011,9
47,stealing beauty,1996,10
48,gold diggers of 1935,1935,10
49,hairspray,1988,10
50,the beast of hollow mountain,1956,10
51,london has fallen,2016,10
52,the shallows,2016,10
53,from hell,2001,10
54,i never promised you a rose garden,1977,10
55,herbie goes to monte carlo,1977,10
56,breakdown,1997,10
57,alien nation,1988,11
58,swing time,1936,12
59,minnie and moskowitz,1971,12
60,liberal arts,2012,12
61,paradox,2017,13
62,kiss the girls,1997,13
63,along came a spider,2001,13
64,feds,1988,13
65,metro,1997,13
66,ballistic: ecks vs. sever,2002,13
67,bird on a wire,1990,13
68,domino,2005,13
69,spirits of the dead,1968,13
70,summer of sam,1999,14
71,lilo & stitch,2002,15
72,the secret life of pets,2016,15
73,babe: pig in the city,1998,15
74,cats & dogs,2001,15
75,mr. peabody & sherman,2014,15
76,bustin' loose,1981,15
77,up,2009,15
78,heartbreak ridge,1986,16
79,dead presidents,1995,16
80,torque,2004,16
81,man up,2015,16
82,ghosts of girlfriends past,2009,17
83,music of the heart,1999,17
84,weekend at bernie's ii,1993,18
85,toys,1992,19
86,london has fallen,2016,19
87,in & out,1997,19
88,dr. dolittle 2,2001,20
89,the hound of the baskervilles,1939,20
90,harvey,1950,20
91,angels and insects,1995,20
92,war horse,2011,20
93,charlotte's web,1973,20
94,restoration,1995,20
95,dr. dolittle,1998,20
96,epic,2013,20
97,fools rush in,1997,21
98,the great train robbery,1903,21
99,porky's,1982,22
100,fast times at ridgemont high,1982,22
101,21 and over,2013,22
102,another gay movie,2006,22
103,2001: a space odyssey,1968,22
104,kill list,2011,22
105,broken english,2007,24
106,bridget jones's baby,2016,24
107,what's your number?,2011,24
108,bridget jones: the edge of reason,2004,24
109,bridget jones's diary,2001,24
110,horrible bosses,2011,24
111,the gift,2000,25
112,dolores claiborne,1995,25
113,fury,1936,25
114,scream 4,2011,25
115,wayne's world 2,1993,25
116,return to me,2000,25
117,unlawful entry,1992,25
118,"black cauldron, the",1985,26
119,animal farm,1999,26
120,"corrina, corrina",1994,26
121,along came a spider,2001,26
122,man of steel,2013,26
123,"it's a mad, mad, mad, mad world",1963,26
124,madagascar: escape 2 africa,2008,26
125,face/off,1997,26
126,dawn of the planet of the apes,2014,27
127,battlefield earth,2000,27
128,my favorite wife,1940,27
129,captain blood,1935,28
130,exodus: gods and kings,2014,28
131,allan quatermain and the lost city of gold,1987,28
132,cutthroat island,1995,28
133,transamerica,2005,28
134,overnight delivery,1998,28
135,poltergeist ii: the other side,1986,28
136,shrek,2001,28
137,zookeeper,2011,28
138,doctor zhivago,1965,29
139,love,1920,29
140,young sherlock holmes,1985,30
141,deadly friend,1986,30
142,piglet's big movie,2003,30
143,psycho ii,1983,30
144,only the lonely,1991,30
145,premonition,2007,31
146,the skeleton twins,2014,31
147,she's the one,1996,31
148,bad moms,2016,31
149,joy,2015,31
150,invasion of the body snatchers,1956,32
151,it's kind of a funny story,2010,32
152,analyze that,2002,32
153,shock corridor,1963,32
154,man on a ledge,2012,32
155,gun shy,2000,32
156,house of games,1987,32
157,ruby sparks,2012,32
158,keanu,2016,32
159,naked,1993,32
160,jude,1996,33
161,friends with money,2006,33
162,letters to juliet,2010,34
163,woman of the year,1942,34
164,two weeks notice,2002,34
165,going the distance,2010,34
166,picture perfect,1997,34
167,safety not guaranteed,2012,34
168,message in a bottle,1999,34
169,single white female,1992,34
170,crossing delancey,1988,34
171,in the cut,2003,34
172,jason's lyric,1994,35
173,valentine's day,2010,35
174,she's having a baby,1988,35
175,people will talk,1951,35
176,lolita,1962,35
177,just married,2003,35
178,music from another room,1998,35
179,one day,2011,35
180,biker boyz,2003,35
181,bullitt,1968,36
182,the man from u.n.c.l.e.,2015,36
183,shooter,2007,36
184,oldboy,2013,36
185,man on a ledge,2012,36
186,catch me if you can,2002,36
187,babe: pig in the city,1998,36
188,bullet in the head,1990,37
189,insidious,2011,37
190,this is my father,1998,38
191,basic,2003,38
192,mimic,1997,38
193,catch me if you can,2002,38
194,peter pan,1924,39
195,just friends,2005,41
196,rio 2,2014,41
197,she's gotta have it,1986,42
198,sylvia,1965,42
199,barcelona,1994,42
200,star trek iii: the search for spock,1984,43
201,star trek into darkness,2013,43
202,star trek v: the final frontier,1989,43
203,star trek vi: the undiscovered country,1991,43
204,star trek beyond,2016,43
205,star trek: insurrection,1998,43
206,forbidden planet,1956,43
207,star trek,2009,43
208,star trek: the motion picture,1979,43
209,silent running,1972,43
210,addicted to love,1997,44
211,big momma's house 2,2006,45
212,dredd,2012,46
213,robocop,1987,46
214,cyborg,1989,46
215,akira,1988,46
216,repo men,2010,46
217,runaway,1984,46
218,metropolis,2001,46
219,v for vendetta,2005,46
220,elysium,2013,46
221,jumper,2008,47
222,tucker: the man and his dream,1988,47
223,firewall,2006,47
224,superman returns,2006,47
225,gregory's girl,1981,47
226,silver linings playbook,2012,47
227,grand canyon,1991,47
228,murder in the first,1995,48
229,alone in the dark,1982,48
230,"captain newman, m.d.",1963,48
231,barefoot,2014,48
232,sucker punch,2011,48
233,shock corridor,1963,48
234,shutter island,2010,48
235,where the money is,2000,48
236,escape from alcatraz,1979,48
237,defending your life,1991,49
238,red hill,2010,49
239,charlie's angels,2000,49
240,night shift,1982,50
241,don jon,2013,50
242,shame,2010,50
243,vanilla sky,2001,50
244,sea of love,1989,50
245,major payne,1995,50
246,reign over me,2007,50
247,roman holiday,1953,50
248,good will hunting,1997,50
249,tortilla soup,2001,50
250,101 dalmatians ii: patch's london adventure,2003,51
251,pokémon: the first movie,1998,51
252,101 dalmatians,1996,51
253,love live! the school idol movie,2015,51
254,anchorman 2: the legend continues,2013,51
255,before and after,1996,51
256,junebug,2005,51
257,maleficent,2014,51
258,prince of persia: the sands of time,2010,51
259,point blank,1967,52
260,blackhat,2015,52
261,guinevere,1999,53
262,28 days,2000,53
263,blue jasmine,2013,53
264,who's afraid of virginia woolf?,1966,53
265,dying young,1991,53
266,bridget jones: the edge of reason,2004,53
267,kagemusha,1980,53
268,absence of malice,1981,53
269,hostel: part ii,2007,53
270,cradle 2 the grave,2003,55
271,out of sight,1998,55
272,thief,1981,55
273,rocknrolla,2008,55
274,reservoir dogs,1992,55
275,takers,2010,55
276,cars 2,2011,55
277,stigmata,1999,55
278,to live and die in l.a.,1985,56
279,u.s. marshals,1998,56
280,sister act 2: back in the habit,1993,56
281,allan quatermain and the lost city of gold,1987,57
282,sherlock holmes,1916,57
283,like mike,2002,57
284,at the circus,1939,57
285,please don't eat the daisies,1960,57
286,before and after,1996,57
287,metro,1997,57
288,hangar 18,1980,57
289,hair,1979,57
290,shadows and fog,1991,57
291,charlie and the chocolate factory,2005,58
292,54,1998,58
293,all good things,2010,58
294,wrong turn,2003,58
295,big,1988,58
296,bronson,2009,59
297,antitrust,2001,59
298,guinevere,1999,59
299,hollywood ending,2002,59
300,star trek iii: the search for spock,1984,59
301,coming home,1978,60
302,conversations with other women,2005,61
303,before sunrise,1995,61
304,2046,2004,61
305,wicker park,2004,61
306,hope springs,2003,61
307,next stop wonderland,1998,61
308,hysteria,1965,61
309,one day,2011,61
310,chill factor,1999,62
311,cradle 2 the grave,2003,62
312,28 days later,2002,62
313,adam's rib,1949,62
314,fierce creatures,1997,62
315,watership down,1978,64
316,secret window,2004,64
317,piranha,1978,64
318,kiss of the dragon,2001,64
319,she's so lovely,1997,64
320,lions for lambs,2007,64
321,gallipoli,1981,64
322,coneheads,1993,65
323,immortal beloved,1994,65
324,this is the end,2013,65
325,blitz,2011,66
326,hollywood homicide,2003,66
327,max,2015,66
328,we don't live here anymore,2004,66
329,say it isn't so,2001,66
330,bad day at black rock,1955,66
331,paranormal activity 4,2012,66
332,after earth,2013,66
333,predestination,2014,67
334,looper,2012,67
335,project almanac,2015,67
336,idaho transfer,1973,67
337,timecop,1994,67
338,time after time,1979,67
339,"hello, dolly!",1969,67
340,underneath,1995,67
341,bad day at black rock,1955,67
342,fantasia,2004,68
343,predestination,2014,68
344,beauty and the beast: the enchanted christmas,1997,68
345,sinbad and the eye of the tiger,1977,68
346,peter's friends,1992,68
347,disorganized crime,1989,69
348,on the waterfront,1954,69
349,guinevere,1999,69
350,national velvet,1944,69
351,boys town,1938,70
352,birdman of alcatraz,1962,70
353,just cause,1995,70
354,true crime,1999,70
355,sling blade,1996,70
356,identity,2003,70
357,kalifornia,1993,70
358,monster's ball,2001,70
359,predator 2,1990,70
360,north,1994,71
361,superhero movie,2008,71
362,d.a.r.y.l.,1985,71
363,frankenweenie,2012,71
364,firestarter,1984,71
365,good will hunting,1997,71
366,phenomenon,1996,71
367,marie antoinette,1938,71
368,ethel & ernest,2016,71
369,albatross,2011,71
370,gleaming the cube,1989,72
371,blackboard jungle,1955,72
372,higher learning,1995,72
373,apt pupil,1998,72
374,school ties,1992,72
375,dope,2015,72
376,dune,1984,72
377,basic instinct,1992,72
378,ed wood,1994,72
379,fifty shades darker,2017,75
380,thank you for smoking,2006,75
381,hotel rwanda,2004,75
382,jetsons: the movie,1990,75
383,clockstoppers,2002,75
384,fantasia,2004,75
385,star trek v: the final frontier,1989,75
386,chasers,1994,76
387,gentleman's agreement,1947,76
388,"i love you, man",2009,77
389,junebug,2005,77
390,get out,2017,77
391,st. elmo's fire,1985,77
392,only the lonely,1991,77
393,dutch,1991,77
394,me and you and everyone we know,2005,77
395,silence,1971,77
396,national security,2003,78
397,hollywood homicide,2003,78
398,lethal weapon 3,1992,78
399,city by the sea,2002,78
400,striking distance,1993,78
401,k-9,1989,78
402,faster,2010,78
403,alien: covenant,2017,80
404,needful things,1993,80
405,mary of scotland,1936,80
406,american hustle,2013,80
407,epic,2013,80
408,thunderball,1965,80
409,terminator 3: rise of the machines,2003,81
410,terminator salvation,2009,81
411,demolition man,1993,81
412,d.a.r.y.l.,1985,81
413,impostor,2002,81
414,carry on cabby,1963,81
415,clockstoppers,2002,81
416,valmont,1989,81
417,death sentence,2007,81
418,celebrity,1998,82
419,the butterfly effect,2004,82
420,anger management,2003,82
421,never been kissed,1999,82
422,invincible shaolin,1978,82
423,death wish 3,1985,82
424,my dog skip,2000,82
425,before and after,1996,82
426,snow white,1987,83
427,beauty and the beast: the enchanted christmas,1997,83
428,my big fat greek wedding,2002,85
429,single white female,1992,85
430,something new,2006,85
431,surviving christmas,2004,85
432,serving sara,2002,85
433,300,2007,85
434,3 days to kill,2014,86
435,game of death,2010,86
436,safe house,2012,86
437,body of lies,2008,86
438,rambo iii,1988,86
439,once upon a time in mexico,2003,86
440,scaramouche,1923,86
441,tarzan,1999,86
442,wonder,2017,86
443,role models,2008,86
444,earth vs. the flying saucers,1956,87
445,the shape of water,2017,87
446,push,2009,87
447,starman,1984,87
448,independence day: resurgence,2016,87
449,battleship,2012,87
450,short circuit,1986,87
451,species,1995,87
452,capote,2005,88
453,hell night,1981,88
454,lawless,2012,88
455,soapdish,1991,88
456,the expendables 3,2014,88
457,ali g indahouse,2002,88
458,that darn cat,1997,88
459,"me, myself & irene",2000,88
460,evan almighty,2007,88
461,jerry maguire,1996,89
462,office space,1999,89
463,disclosure,1994,89
464,chariots of fire,1981,90
465,peaceful warrior,2006,90
466,that's my boy,1932,90
467,forrest gump,1994,90
468,cool runnings,1993,90
469,saint ralph,2004,90
470,race,2016,90
471,addicted to love,1997,90
472,cyrus,2010,91
473,dirty grandpa,2016,91
474,sphere,1998,91
475,coma,1978,91
476,ask the dust,2006,91
477,10 cloverfield lane,2016,91
478,plunkett & macleane,1999,91
479,airborne,1993,91
480,g.i. joe: the rise of cobra,2009,91
481,pretty in pink,1986,91
482,immortals,2011,92
483,the odyssey,1997,92
484,spartacus,1960,92
485,7 faces of dr. lao,1964,93
486,death becomes her,1992,93
487,ice castles,1978,93
488,blackhat,2015,95
489,hackers,1995,95
490,swordfish,2001,95
491,sneakers,1992,95
492,gamer,2009,95
493,d.a.r.y.l.,1985,95
494,carnosaur 2,1995,95
495,tron,1982,95
496,terminator salvation,2009,95
497,terminator 2: judgment day,1991,95
498,u.s. marshals,1998,97
499,sherlock holmes,1916,97
500,mr. bean's holiday,2007,97
501,soul man,1986,97
502,blair witch,2016,98
503,house party 2,1991,99
504,you can count on me,2000,99
505,uncle buck,1989,99
506,jaws 2,1978,99
507,all quiet on the western front,1930,99
508,how do you know,2010,100
509,eight men out,1988,100
510,angels in the outfield,1951,100
511,major league ii,1994,100
512,detroit rock city,1999,100
513,american dreamz,2006,100
514,ghost dad,1990,100
515,trapped,1949,100
516,crossfire,1947,100
517,match point,2005,100
518,liberal arts,2012,101
519,war dogs,2016,101
520,police academy 6: city under siege,1989,101
521,dreamcatcher,2003,101
522,ender's game,2013,101
523,final destination 5,2011,102
524,conspiracy theory,1997,102
525,this property is condemned,1966,102
526,cursed,2005,102
527,babe,1995,103
528,class,1983,103
529,we were soldiers,2002,103
530,operation petticoat,1959,103
531,eragon,2006,104
532,"black cauldron, the",1985,104
533,pete's dragon,2016,104
534,jabberwocky,1977,104
535,happy gilmore,1996,104
536,bad day at black rock,1955,104
537,rosemary's baby,1968,104
538,christine,1983,104
539,chaplin,1992,105
540,take the money and run,1969,105
541,bartleby,2001,105
542,lawrence of arabia,1962,105
543,i'm not there,2007,105
544,ghost ship,2002,105
545,gothic,1986,105
546,k-9,1989,105
547,alien,1979,105
548,orange county,2002,106
549,paul blart: mall cop 2,2015,106
550,gentlemen broncos,2009,106
551,red river,1948,107
552,mackenna's gold,1969,107
553,slither,1973,107
554,silver streak,1976,107
555,veronica mars,2014,107
556,"new york, new york",1977,108
557,come see the paradise,1990,108
558,spirit: stallion of the cimarron,2002,108
559,broken flowers,2005,109
560,da sweet blood of jesus,2015,109
561,woman in gold,2015,109
562,sherlock holmes,1916,109
563,camille,1917,109
564,tom jones,1963,109
565,john carter,2012,109
566,ocean's eleven,2001,109
567,takers,2010,111
568,thief,1981,111
569,midnight run,1988,111
570,cradle 2 the grave,2003,111
571,heist,2001,111
572,rocknrolla,2008,111
573,out of sight,1998,111
574,confidence,2003,111
575,tracers,2015,111
576,they live,1988,112
577,regarding henry,1991,113
578,all the king's men,1949,113
579,this is the end,2013,113
580,piglet's big movie,2003,113
581,hesher,2011,113
582,boogie nights,1997,113
583,the bfg,2016,113
584,she's out of my league,2010,113
585,gentleman's agreement,1947,113
586,iron man 3,2013,114
587,spider,2002,114
588,hancock,2008,114
589,spider-man 2,2004,114
590,zebraman,2004,114
591,wanted,2008,114
592,blue streak,1999,115
593,here on earth,2000,115
594,my boss's daughter,2003,115
595,anger management,2003,115
596,just go with it,2011,115
597,i am legend,2007,116
598,sex and the city 2,2010,116
599,random hearts,1999,117
600,permanent midnight,1998,118
601,on her majesty's secret service,1969,118
602,dreamcatcher,2003,118
603,helen of troy,1956,119
604,audrey rose,1977,120
605,godsend,2004,120
606,tales from the darkside: the movie,1990,120
607,twin falls idaho,1999,120
608,destry rides again,1939,120
609,cujo,1983,120
610,communion,1989,120
611,mister roberts,1955,120
612,annie hall,1977,120
613,look who's talking too,1990,121
614,little children,2006,121
615,phantasm iii: lord of the dead,1994,122
616,stage door,1937,122
617,toy soldiers,1991,122
618,jezebel,1938,122
619,bring it on,2000,123
620,deathtrap,1982,123
621,altered states,1980,124
622,cowboys & aliens,2011,124
623,boys on the side,1995,124
624,american flyers,1985,124
625,duplex,2003,124
626,angel eyes,2001,124
627,you can count on me,2000,124
628,erin brockovich,2000,124
629,batman returns,1992,125
630,despicable me,2010,125
631,megamind,2010,125
632,despicable me 2,2013,125
633,despicable me 3,2017,125
634,kick-ass 2,2013,125
635,mystery men,1999,125
636,22 jump street,2014,125
637,lost and delirious,2001,126
638,zabriskie point,1970,126
639,dances with wolves,1990,126
640,silent movie,1976,126
641,superman returns,2006,126
642,george of the jungle,1997,126
643,topsy-turvy,1999,126
644,boat trip,2003,126
645,the little prince,1974,127
646,pete's dragon,2016,127
647,jurassic park iii,2001,127
648,nim's island,2008,127
649,tabu,1931,127
650,the jungle book,1994,127
651,birdy,1984,127
652,forever young,1992,127
653,mighty joe young,1949,127
654,conan the barbarian,1982,127
655,roberta,1935,128
656,maelström,2000,128
657,jack ryan: shadow recruit,2014,129
658,elizabeth,1998,130
659,back to the future,1985,130
660,forbidden planet,1956,131
661,doom,2005,131
662,red hill,2010,131
663,sunshine state,2002,132
664,executive decision,1996,133
665,lethal weapon 3,1992,133
666,treasure planet,2002,133
667,flying down to rio,1933,133
668,indestructible man,1956,134
669,strange days,1995,134
670,lethal weapon 3,1992,134
671,virtuosity,1995,134
672,escape from new york,1981,134
673,peter's friends,1992,134
674,ragtime,1981,135
675,super 8,2011,135
676,stage fright,2014,135
677,crossroads,1942,135
678,now you see me 2,2016,135
679,royal flash,1975,135
680,you can count on me,2000,136
681,kramer vs. kramer,1979,136
682,20 million miles to earth,1957,136
683,violet & daisy,2013,136
684,girl 6,1996,136
685,love and death,1975,136
686,lawrence of arabia,1962,137
687,reign of assassins,2010,137
688,dances with wolves,1990,137
689,the jungle book,1994,137
690,wimbledon,2004,137
691,legally blonde,2001,137
692,space jam,1996,137
693,bananas,1971,137
694,heat,1972,137
695,man of tai chi,2013,138
696,pineapple express,2008,139
697,ravenous,1999,141
698,3:10 to yuma,1957,141
699,american graffiti,1973,141
700,down to earth,1947,143
701,new waterford girl,1999,143
702,morning glory,1933,143
703,stage door,1937,143
704,i remember mama,1948,143
705,swiss family robinson,1940,144
706,random harvest,1942,144
707,dorian gray,2009,144
708,fairytale: a true story,1997,144
709,as you like it,2006,144
710,40 days and 40 nights,2002,144
711,bright star,2009,144
712,roger dodger,2002,145
713,major payne,1995,145
714,it happened one night,1934,145
715,amazing grace and chuck,1987,145
716,remember me,2010,146
717,bmx bandits,1983,146
718,imitation of life,1934,146
719,protocol,1984,146
720,star trek into darkness,2013,147
721,valerian and the city of a thousand planets,2017,147
722,enough,2002,147
723,titan a.e.,2000,148
724,children of men,2006,148
725,parasite,1982,148
726,akira,1988,148
727,little caesar,1931,148
728,blade runner 2049,2017,149
729,android,1982,149
730,star trek: insurrection,1998,150
731,kelly's heroes,1970,150
732,staying alive,1983,150
733,no mercy,1986,150
734,shock corridor,1963,150
735,body of evidence,1993,150
736,k-9,1989,150
737,arthur,1981,151
738,how to succeed in business without really trying,1967,151
739,dead of night,1945,151
740,barcelona,1994,151
741,lone star,1952,151
742,mayhem,2017,152
743,d.o.a.,1950,152
744,my name is joe,1998,152
745,london boulevard,2010,152
746,calvary,2014,152
747,stay,2005,152
748,zero effect,1998,152
749,out of the past,1947,152
750,license to wed,2007,152
751,84 charing cross road,1987,152
752,are we there yet?,2005,153
753,homegrown,1998,153
754,devil in a blue dress,1995,153
755,miss congeniality 2: armed and fabulous,2005,153
756,written on the wind,1956,153
757,ex machina,2015,153
758,resident evil: afterlife,2010,153
759,forget paris,1995,153
760,free fire,2016,153
761,epic,2013,153
762,final fantasy: the spirits within,2001,155
763,forbidden planet,1956,155
764,prometheus,2012,155
765,alien: covenant,2017,155
766,olympus has fallen,2013,155
767,heist,2001,156
768,kiss of death,1947,156
769,ernest saves christmas,1988,156
770,storytelling,2001,156
771,brokedown palace,1999,156
772,sibling rivalry,1990,156
773,she's gotta have it,1986,157
774,sylvia,1965,157
775,27 dresses,2008,157
776,little black book,2004,157
777,blade,1998,158
778,daybreakers,2010,158
779,one hour photo,2002,158
780,bridget jones's diary,2001,159
781,fifty shades of grey,2015,159
782,sliding doors,1998,159
783,match point,2005,159
784,you will meet a tall dark stranger,2010,159
785,four weddings and a funeral,1994,159
786,unfinished business,1941,159
787,up at the villa,2000,159
788,exit to eden,1994,159
789,accepted,2006,160
790,small soldiers,1998,160
791,blown away,1992,160
792,charlotte's web,1973,161
793,the angry birds movie,2016,161
794,shaun the sheep movie,2015,161
795,north country,2005,161
796,sherrybaby,2006,161
797,wrongfully accused,1998,161
798,13 sins,2014,161
799,clash of the titans,1981,161
800,man on high heels,2014,161
801,liberal arts,2012,162
802,metroland,1997,162
803,mrs. miniver,1942,162
804,the theory of everything,2014,162
805,finding neverland,2004,162
806,random harvest,1942,162
807,bonnie and clyde,1967,162
808,impromptu,1991,162
809,booty call,1997,162
810,21,2008,163
811,risky business,1983,163
812,polytechnique,2009,163
813,sunrise: a song of two humans,1927,163
814,ghost ship,2002,163
815,malice,1993,163
816,the space between us,2017,164
817,my favorite martian,1999,164
818,outland,1981,164
819,solaris,2002,164
820,doom,2005,164
821,hardcore henry,2016,164
822,suburban commando,1991,164
823,species ii,1998,164
824,friday the 13th part vii: the new blood,1988,164
825,children of the damned,1963,164
826,safe house,2012,165
827,big momma's house 2,2006,165
828,mercury rising,1998,165
829,agent cody banks 2: destination london,2004,165
830,once upon a time in mexico,2003,165
831,3 days to kill,2014,165
832,live wire,1992,165
833,face/off,1997,165
834,body of lies,2008,165
835,conspiracy theory,1997,165
836,baseketball,1998,166
837,camille,1917,166
838,ghosts of mississippi,1996,166
839,all dogs go to heaven 2,1996,166
840,virus,1999,166
841,monty python and the holy grail,1975,167
842,my fair lady,1964,167
843,"three billboards outside ebbing, missouri",2017,167
844,cloak & dagger,1984,167
845,overnight delivery,1998,168
846,blue streak,1999,168
847,barefoot,2014,168
848,infinity,1996,168
849,poison ivy,1992,168
850,inferno,1953,168
851,robin hood: men in tights,1993,168
852,kill command,2016,168
853,black swan,2010,168
854,man on high heels,2014,169
855,beverly hills chihuahua,2008,170
856,tom horn,1980,170
857,underneath,1995,170
858,triangle,2009,170
859,in a lonely place,1950,170
860,supernova,2000,170
861,firefox,1982,170
862,picture perfect,1997,170
863,apollo 13,1995,170
864,v/h/s/2,2013,171
865,star trek iii: the search for spock,1984,171
866,this island earth,1955,171
867,revolver,2005,172
868,harsh times,2006,172
869,judgment night,1993,172
870,deuces wild,2002,172
871,youngblood,1978,172
872,wild card,2015,172
873,knockaround guys,2001,172
874,fat city,1972,172
875,dirty work,1998,172
876,next friday,2000,172
877,captain blood,1935,174
878,"black cauldron, the",1985,174
879,sherlock holmes,1916,174
880,allan quatermain and the lost city of gold,1987,174
881,robin and marian,1976,174
882,your highness,2011,174
883,green zone,2010,174
884,my best friend's wedding,1997,175
885,feeling minnesota,1996,175
886,picture perfect,1997,175
887,battlefield earth,2000,175
888,the devil's candy,2017,175
889,night of the creeps,1986,175
890,stander,2003,175
891,focus,2015,175
892,flashback,1990,175
893,slow west,2015,176
894,reservoir dogs,1992,176
895,"me, myself & irene",2000,177
896,hot lead and cold feet,1978,177
897,whatever works,2009,177
898,trapped,1949,177
899,out cold,2001,177
900,cabaret,1972,177
901,turbo: a power rangers movie,1997,177
902,catch me if you can,2002,178
903,undertow,1949,178
904,the plague of the zombies,1966,178
905,in the valley of elah,2007,178
906,wuthering heights,1939,178
907,something wicked this way comes,1983,178
908,flirting with disaster,1996,179
909,ragtime,1981,179
910,look who's talking,1989,179
911,helen of troy,1956,179
912,hush,1998,179
913,i shot andy warhol,1996,179
914,thief,1981,180
915,gotti,1996,180
916,at close range,1986,180
917,suddenly,1954,180
918,black knight,2001,180
919,picnic,1955,180
920,avengers: age of ultron,2015,180
921,it,1927,180
922,father of the bride,1950,180
923,return to the blue lagoon,1991,181
924,road to morocco,1942,181
925,black hawk down,2001,182
926,congo,1995,182
927,born to be wild,1995,182
928,"jeff, who lives at home",2012,182
929,another 48 hrs.,1990,182
930,act of valor,2012,183
931,safe house,2012,183
932,3 days to kill,2014,183
933,red,2010,183
934,u.s. marshals,1998,183
935,body snatchers,1993,183
936,sgt. bilko,1996,183
937,tigerland,2000,184
938,hopscotch,1980,184
939,bat*21,1988,184
940,rules of engagement,2000,184
941,courage under fire,1996,184
942,whiskey tango foxtrot,2016,184
943,ip man,2008,184
944,paradise,1991,184
945,swimming with sharks,1994,185
946,runaway train,1985,185
947,200 cigarettes,1999,185
948,paranormal activity 4,2012,187
949,earth girls are easy,1988,187
950,barb wire,1996,187
951,serpico,1973,187
952,bowfinger,1999,187
953,addams family values,1993,188
954,halloween,1978,188
955,dragonslayer,1981,189
956,how to train your dragon 2,2014,189
957,28 days,2000,189
958,fast food nation,2006,189
959,miss congeniality,2000,189
960,killing zoe,1994,189
961,metroland,1997,189
962,"suddenly, last summer",1959,190
963,commando,1985,190
964,rosewood,1997,190
965,home alone 3,1997,190
966,no way out,1950,190
967,"20,000 days on earth",2014,190
968,max keeble's big move,2001,190
969,permanent midnight,1998,190
970,shampoo,1975,190
971,cocoon,1985,191
972,finding nemo,2003,191
973,reptilicus,1961,192
974,jurassic world,2015,192
975,jason x,2002,192
976,jurassic park iii,2001,192
977,land of the lost,2009,192
978,quadrophenia,1979,192
979,good burger,1997,192
980,demolition,2016,192
981,smart people,2008,192
982,catch me if you can,2002,193
983,topaz,1969,193
984,me without you,2001,193
985,"20,000 days on earth",2014,193
986,go fish,1994,193
987,calendar girl,1947,193
988,200 cigarettes,1999,193
989,fay grim,2006,193
990,blackhat,2015,194
991,spy kids 3-d: game over,2003,194
992,hackers,1995,194
993,dungeons & dragons,2000,194
994,starship troopers,1997,194
995,giant,1956,194
996,showtime,2002,194
997,dragnet,1954,194
998,muriel's wedding,1994,195
999,mean girls,2004,195
1000,just one of the guys,1985,195
1001,easy a,2010,195
1002,pretty in pink,1986,195
1003,romy and michele's high school reunion,1997,195
1004,september,1987,195
1005,little darlings,1980,195
1006,white man's burden,1995,195
1007,f/x,1986,196
1008,great expectations,1917,196
1009,analyze this,1999,196
1010,jaws,1975,196
1011,memento,2000,196
1012,escape from the planet of the apes,1971,196
1013,new waterford girl,1999,196
1014,all about eve,1950,196
1015,john q,2002,196
1016,hamlet,1996,196
1017,casualties of war,1989,197
1018,tommy,1975,197
1019,seeking a friend for the end of the world,2012,197
1020,20 million miles to earth,1957,198
1021,battleship,2012,198
1022,lifeforce,1985,198
1023,earth vs. the flying saucers,1956,198
1024,critters,1986,198
1025,frequency,2000,199
1026,let me in,2010,199
1027,nighthawks,1981,200
1028,metro,1997,200
1029,12 rounds,2009,200
1030,locke,2013,201
1031,dunkirk,1958,201
1032,pretty in pink,1986,201
1033,stripes,1981,201
1034,monty python and the holy grail,1975,201
1035,dead heat,1988,201
1036,flash gordon,1980,201
1037,houdini,1953,202
1038,jersey boys,2014,202
1039,never say never again,1983,202
1040,wild card,2015,202
1041,cleanskin,2012,203
1042,kiss of the dragon,2001,203
1043,freedom writers,2007,203
1044,macbeth,2006,203
1045,r.i.p.d.,2013,203
1046,mississippi masala,1991,204
1047,donnie darko,2001,204
1048,unstoppable,2010,204
1049,evil dead,2013,204
1050,operation dumbo drop,1995,205
1051,sands of iwo jima,1949,205
1052,victor frankenstein,2015,205
1053,guarding tess,1994,205
1054,carpool,1996,205
1055,bikini beach,1964,205
1056,once bitten,1985,205
1057,bridge to terabithia,1985,205
1058,final destination 2,2003,205
1059,house of wax,1953,205
1060,promised land,1987,206
1061,confessions of a shopaholic,2009,206
1062,take shelter,2011,206
1063,make way for tomorrow,1937,206
1064,"dancer, texas pop. 81",1998,206
1065,quo vadis,1951,206
1066,maurice,1987,206
1067,teaching mrs. tingle,1999,207
1068,this gun for hire,1942,207
1069,nothing but trouble,1944,207
1070,kung fu panda 2,2011,207
1071,da sweet blood of jesus,2015,207
1072,major league ii,1994,207
1073,runaway jury,2003,207
1074,prisoners,2013,207
1075,mystery train,1989,207
1076,grandma's boy,1922,207
1077,face/off,1997,208
1078,the fate of the furious,2017,208
1079,young adult,2011,209
1080,the hunger,1983,209
1081,"protector, the",1985,210
1082,war machine,2017,210
1083,pitch perfect,2012,210
1084,howard the duck,1986,210
1085,wyrmwood,2014,210
1086,children of the corn iv: the gathering,1996,210
1087,mister roberts,1955,210
1088,avalon,1990,210
1089,b. monkey,1998,213
1090,sahara,1919,213
1091,prom night,1980,214
1092,son of flubber,1963,214
1093,how to lose friends & alienate people,2008,214
1094,tilt,1979,214
1095,mansfield park,1999,214
1096,love and other catastrophes,1996,214
1097,make way for tomorrow,1937,214
1098,nadine,1987,214
1099,million dollar baby,1941,214
1100,you will meet a tall dark stranger,2010,215
1101,monster-in-law,2005,215
1102,dracula,1931,216
1103,bowfinger,1999,216
1104,silent movie,1976,216
1105,the hunger,1983,216
1106,"hail, caesar!",2016,216
1107,martin,1977,216
1108,underworld: rise of the lycans,2009,216
1109,puppet master iii: toulon's revenge,1991,216
1110,lake placid,1999,217
1111,monsters vs. aliens,2009,217
1112,mighty joe young,1949,217
1113,godzilla,1998,217
1114,network,1976,217
1115,mchale's navy,1964,217
1116,farewell to the king,1989,217
1117,12 years a slave,2013,218
1118,air america,1990,218
1119,baby geniuses,1999,218
1120,battle: los angeles,2011,218
1121,going in style,1979,218
1122,chronicle,2012,218
1123,geri's game,1997,218
1124,open range,2003,219
1125,pride and prejudice and zombies,2016,219
1126,chicken little,2005,220
1127,frankenweenie,2012,220
1128,fallen,1998,220
1129,faster,2010,220
1130,runner runner,2013,220
1131,thief,1981,221
1132,true story,2015,221
1133,alvin and the chipmunks: the squeakquel,2009,221
1134,jetsons: the movie,1990,221
1135,almost heroes,1998,221
1136,ballistic: ecks vs. sever,2002,222
1137,end of days,1999,222
1138,our man flint,1966,222
1139,white house down,2013,222
1140,the amazing spider-man 2,2014,222
1141,felicia's journey,1999,222
1142,the accountant,2016,222
1143,raise the titanic,1980,222
1144,it's kind of a funny story,2010,222
1145,fresh,1994,222
1146,l.a. story,1991,223
1147,in the company of men,1997,224
1148,four lions,2010,224
1149,white noise,2005,224
1150,enter the dragon,1973,225
1151,gravity,2013,225
1152,ed wood,1994,225
1153,return to never land,2002,225
1154,dr. dolittle,1998,225
1155,buried,2010,225
1156,stalingrad,2013,225
1157,plunkett & macleane,1999,226
1158,unforgiven,1992,226
1159,tom jones,1963,226
1160,barbershop,2002,226
1161,witness for the prosecution,1957,226
1162,frenzy,1972,226
1163,from hell,2001,226
1164,anthony adverse,1936,226
1165,sheena,1984,226
1166,knockaround guys,2001,227
1167,we own the night,2007,227
1168,contraband,2012,227
1169,prometheus,2012,228
1170,pitch black,2000,228
1171,20 million miles to earth,1957,228
1172,battleship,2012,228
1173,beowulf,1999,228
1174,king kong lives,1986,228
1175,sling blade,1996,229
1176,colors,1988,229
1177,i confess,1953,229
1178,macgruber,2010,230
1179,suddenly,1954,230
1180,white house down,2013,230
1181,liam,2000,230
1182,with honors,1994,231
1183,class act,1992,231
1184,better luck tomorrow,2002,231
1185,senseless,1998,231
1186,you don't mess with the zohan,2008,231
1187,skyline,2010,231
1188,salaam bombay!,1988,231
1189,dead calm,1989,232
1190,french kiss,1995,232
1191,bright,2017,232
1192,john q,2002,232
1193,sheena,1984,232
1194,far and away,1992,233
1195,'71,2014,233
1196,tommy,1975,233
1197,arlington road,1999,233
1198,secret agent,1936,233
1199,captain blood,1935,233
1200,mini's first time,2006,234
1201,cellular,2004,234
1202,hector and the search for happiness,2014,234
1203,death wish 3,1985,234
1204,gosford park,2001,234
1205,insidious,2011,234
1206,wyatt earp,1994,234
1207,legends of the fall,1994,234
1208,harry potter and the goblet of fire,2005,234
1209,thoroughly modern millie,1967,235
1210,morning glory,1933,235
1211,42nd street,1933,235
1212,happy go lovely,1951,235
1213,twentieth century,1934,235
1214,down to earth,1947,235
1215,funny girl,1968,235
1216,black widow,1954,235
1217,being julia,2004,235
1218,shakespeare in love,1998,235
1219,monsieur verdoux,1947,236
1220,identity,2003,237
1221,jury duty,1995,237
1222,runaway jury,2003,237
1223,find me guilty,2006,237
1224,snow falling on cedars,1999,237
1225,"i, the jury",1953,237
1226,frankenstein meets the wolf man,1943,237
1227,rocky iii,1982,237
1228,willard,1971,237
1229,there will be blood,2007,237
1230,jfk,1991,238
1231,chronicle,2012,238
1232,the road within,2015,238
1233,jurassic park iii,2001,238
1234,flashback,1990,238
1235,firestarter,1984,239
1236,i want to live!,1958,239
1237,101 dalmatians ii: patch's london adventure,2003,240
1238,thumbsucker,2005,240
1239,the town that dreaded sundown,1976,240
1240,chariots of fire,1981,240
1241,sweet charity,1969,241
1242,top hat,1935,241
1243,eurotrip,2004,241
1244,son of rambow,2008,241
1245,they drive by night,1940,242
1246,over the top,1987,242
1247,little miss sunshine,2006,242
1248,body of lies,2008,242
1249,swimfan,2002,242
1250,rush hour 3,2007,242
1251,alligator,1980,242
1252,thief,1981,243
1253,working girl,1988,243
1254,on the beach,1959,243
1255,she wore a yellow ribbon,1949,243
1256,u turn,1997,243
1257,airheads,1994,243
1258,we need to talk about kevin,2011,243
1259,warrior,2011,243
1260,oxygen,2017,243
1261,empire,2002,244
1262,knockaround guys,2001,244
1263,american gangster,2007,244
1264,ride along 2,2016,244
1265,never die alone,2004,244
1266,marked for death,1990,244
1267,layer cake,2004,244
1268,mountains of the moon,1990,244
1269,all that heaven allows,1955,244
1270,buddy,1997,244
1271,how to be single,2016,245
1272,undercurrent,1946,245
1273,circle of friends,1995,245
1274,sense and sensibility,1995,246
1275,nicholas nickleby,2002,246
1276,doomsday,1928,246
1277,anthony adverse,1936,246
1278,mrs. miniver,1942,246
1279,mr. skeffington,1944,246
1280,reckless,1935,246
1281,helter skelter,1949,246
1282,carrie,1952,246
1283,salmon fishing in the yemen,2011,246
1284,the man in the moon,1991,247
1285,stoker,2013,247
1286,hoodwinked!,2005,247
1287,madagascar,2005,247
1288,panic room,2002,247
1289,f/x,1986,247
1290,a street cat named bob,2016,247
1291,the beast of hollow mountain,1956,247
1292,man's best friend,1993,247
1293,dangerous ground,1997,247
1294,enchanted,2007,248
1295,beauty and the beast,1991,248
1296,hardball,2001,248
1297,the idolmaker,1980,249
1298,stomp the yard,2007,249
1299,beyond the sea,2004,249
1300,ghosts of girlfriends past,2009,249
1301,sex and the city 2,2010,249
1302,random hearts,1999,249
1303,just one of the guys,1985,249
1304,frozen river,2008,249
1305,gold diggers of 1935,1935,249
1306,premonition,2007,249
1307,bad company,1931,250
1308,magnolia,1999,250
1309,ip man 3,2016,250
1310,it's my party,1996,250
1311,pitch perfect,2012,250
1312,henry fool,1997,251
1313,sling blade,1996,251
1314,rocket science,2007,251
1315,paul blart: mall cop 2,2015,251
1316,they drive by night,1940,251
1317,joe dirt,2001,251
1318,hudson hawk,1991,251
1319,lost in translation,2003,251
1320,earthquake,1974,251
1321,cop land,1997,251
1322,the imitation game,2014,252
1323,lawrence of arabia,1962,252
1324,little big man,1970,252
1325,selma,2014,252
1326,"chorus line, a",1985,252
1327,heartless,2009,254
1328,whiplash,1948,254
1329,flawless,1999,254
1330,body double,1984,254
1331,hysteria,1965,254
1332,november,2004,254
1333,burn after reading,2008,256
1334,mission: impossible iii,2006,256
1335,safe house,2012,256
1336,body of lies,2008,256
1337,3 days to kill,2014,256
1338,born into brothels,2004,256
1339,above the law,1988,256
1340,under the tuscan sun,2003,257
1341,drop dead fred,1991,257
1342,born to kill,1947,257
1343,amateur,1994,257
1344,someone to watch over me,1987,257
1345,marvin's room,1996,257
1346,white oleander,2002,257
1347,casper,1995,258
1348,sorority house massacre,1987,258
1349,east of eden,1955,258
1350,whiplash,1948,258
1351,little man tate,1991,258
1352,bugsy malone,1976,258
1353,silent hill,2006,259
1354,wicker park,2004,261
1355,hope springs,2003,261
1356,one day,2011,261
1357,hysteria,1965,261
1358,before sunrise,1995,261
1359,howl,2015,261
1360,conversations with other women,2005,261
1361,martin,1977,261
1362,crimson tide,1995,262
1363,below,2002,262
1364,from here to eternity,1953,262
1365,silent hill,2006,262
1366,shadowlands,1993,263
1367,somewhere in time,1980,263
1368,infamous,2006,263
1369,don jon,2013,263
1370,scorpio,1973,264
1371,safe house,2012,264
1372,mission: impossible iii,2006,264
1373,skyfall,2012,264
1374,the gambler,1974,264
1375,stigmata,1999,265
1376,going my way,1944,265
1377,boomerang,1947,265
1378,chaos,2008,265
1379,big wednesday,1978,265
1380,street kings,2008,266
1381,the nice guys,2016,266
1382,city by the sea,2002,266
1383,lethal weapon,1987,266
1384,mulholland falls,1996,266
1385,coyote ugly,2000,266
1386,upstream color,2013,266
1387,breaking away,1979,266
1388,takers,2010,267
1389,ocean's eleven,2001,267
1390,college,1927,268
1391,with honors,1994,268
1392,"goodbye, mr. chips",1969,268
1393,zookeeper,2011,269
1394,mr. popper's penguins,2011,269
1395,behind the candelabra,2013,269
1396,top hat,1935,269
1397,marley & me,2008,269
1398,lost & found,1999,269
1399,return to me,2000,269
1400,101 dalmatians ii: patch's london adventure,2003,269
1401,puss in boots,1988,269
1402,presumed innocent,1990,270
1403,"roman j. israel, esq.",2017,270
1404,god's not dead,2014,270
1405,source code,2011,270
1406,shaft,1971,271
1407,"i, the jury",1953,271
1408,four brothers,2005,271
1409,jeepers creepers,2001,271
1410,lost and delirious,2001,271
1411,leatherheads,2008,271
1412,yellow submarine,1968,271
1413,crash,2004,271
1414,the legend of tarzan,2016,271
1415,pan,2015,272
1416,revenge of the pink panther,1978,272
1417,fear and loathing in las vegas,1998,272
1418,get out,2017,272
1419,amazing grace and chuck,1987,272
1420,lethal weapon 3,1992,273
1421,terminator salvation,2009,273
1422,escape from new york,1981,273
1423,virtuosity,1995,273
1424,no mercy,1986,273
1425,benji the hunted,1987,273
1426,river's edge,1986,273
1427,miami vice,2006,273
1428,harry potter and the deathly hallows: part 2,2011,274
1429,harry potter and the chamber of secrets,2002,274
1430,london has fallen,2016,274
1431,harrison bergeron,1995,274
1432,lovely & amazing,2001,274
1433,all dogs go to heaven 2,1996,274
1434,disclosure,1994,274
1435,under the skin,2013,274
1436,her alibi,1989,274
1437,redline,2007,274
1438,prisoners,2013,275
1439,striking distance,1993,275
1440,next of kin,1989,275
1441,rough night,2017,275
1442,miami vice,2006,275
1443,down periscope,1996,275
1444,miss march,2009,275
1445,run,1991,276
1446,house party 2,1991,276
1447,from the terrace,1960,276
1448,life as a house,2001,276
1449,conspiracy theory,1997,276
1450,g.i. joe: the rise of cobra,2009,276
1451,saving mr. banks,2013,276
1452,stealth,2005,276
1453,pete's dragon,2016,276
1454,newsies,1992,276
1455,on golden pond,1981,277
1456,masquerade,1988,277
1457,this is where i leave you,2014,277
1458,don't look now,1973,277
1459,tormented,1960,277
1460,jack and sarah,1995,277
1461,jakob the liar,1999,278
1462,bent,1997,278
1463,the diary of anne frank,1959,278
1464,defiance,2008,278
1465,ernest goes to jail,1990,278
1466,candleshoe,1977,278
1467,bedazzled,2000,278
1468,tora! tora! tora!,1970,278
1469,bridesmaids,1989,278
1470,enigma,1982,279
1471,the year my voice broke,1987,280
1472,one crazy summer,1986,280
1473,the road within,2015,280
1474,the man in the moon,1991,280
1475,fire with fire,1986,280
1476,johnny dangerously,1984,280
1477,darkest hour,2017,280
1478,beethoven,1992,281
1479,homeward bound: the incredible journey,1993,281
1480,"legally blonde 2: red, white & blonde",2003,281
1481,sirens,1994,281
1482,heartbreak ridge,1986,284
1483,elizabeth,1998,284
1484,hulk,2003,284
1485,shane,1953,284
1486,up,2009,284
1487,lincoln,2012,284
1488,ratchet & clank,2016,284
1489,unbreakable,2000,285
1490,house ii: the second story,1987,286
1491,get low,2010,286
1492,tormented,1960,286
1493,bent,1997,286
1494,garden state,2004,286
1495,this is england,2007,286
1496,platoon,1986,287
1497,missing in action 2: the beginning,1985,287
1498,dead of night,1945,287
1499,road trip,2000,287
1500,great balls of fire!,1989,288
1501,romper stomper,1992,288
1502,missing in action 2: the beginning,1985,288
1503,mighty joe young,1949,288
1504,disorganized crime,1989,289
1505,three fugitives,1989,289
1506,out of sight,1998,289
1507,heist,2001,289
1508,dog day afternoon,1975,289
1509,blank check,1994,289
1510,slither,1973,289
1511,takers,2010,289
1512,inside man,2006,289
1513,phenomenon,1996,290
1514,superhero movie,2008,290
1515,d.a.r.y.l.,1985,290
1516,carlito's way,1993,291
1517,homefront,2013,291
1518,mona lisa,1986,291
1519,supergirl,1984,291
1520,escape from the planet of the apes,1971,291
1521,"dancer, texas pop. 81",1998,291
1522,escape plan,2013,291
1523,in the line of fire,1993,292
1524,american outlaws,2001,292
1525,jurassic park iii,2001,292
1526,g.i. joe: the rise of cobra,2009,292
1527,attack of the crab monsters,1957,293
1528,ginger snaps back: the beginning,2004,293
1529,mirrors,2008,293
1530,road to morocco,1942,294
1531,ride the high country,1962,294
1532,fool's gold,2008,294
1533,rio grande,1950,294
1534,little children,2006,294
1535,my tutor,1983,294
1536,dope,2015,295
1537,with honors,1994,295
1538,school ties,1992,295
1539,gleaming the cube,1989,295
1540,higher learning,1995,295
1541,teaching mrs. tingle,1999,295
1542,blackboard jungle,1955,295
1543,empire records,1995,296
1544,eight men out,1988,296
1545,camp x-ray,2014,296
1546,hardcore henry,2016,297
1547,chappie,2015,297
1548,making mr. right,1987,297
1549,ghost in the shell,2017,297
1550,terminator genisys,2015,297
1551,d.a.r.y.l.,1985,297
1552,batman v superman: dawn of justice,2016,298
1553,gossip,2000,298
1554,mystic pizza,1988,298
1555,summer rental,1985,298
1556,predator 2,1990,298
1557,when night is falling,1995,298
1558,wild card,2015,298
1559,poltergeist ii: the other side,1986,299
1560,paranormal activity 4,2012,299
1561,insidious,2011,299
1562,darkness,2002,299
1563,dark skies,2013,299
1564,e.t. the extra-terrestrial,1982,299
1565,village of the damned,1995,299
1566,amityville ii: the possession,1982,299
1567,annabelle,2014,299
1568,twilight,1998,300
1569,puppet master 4,1993,300
1570,big eyes,2014,300
1571,top secret!,1984,301
1572,catch a fire,2006,301
1573,american made,2017,301
1574,war machine,2017,301
1575,the post,2017,301
1576,zabriskie point,1970,301
1577,lord of war,2005,301
1578,buffalo soldiers,2001,301
1579,hopscotch,1980,301
1580,kiss of death,1947,301
1581,big trouble in little china,1986,303
1582,torque,2004,303
1583,v for vendetta,2005,303
1584,wisdom,1986,303
1585,the wild one,1953,303
1586,breathless,1983,303
1587,tank girl,1995,303
1588,bmx bandits,1983,303
1589,romper stomper,1992,303
1590,elektra,2010,304
1591,mona lisa smile,2003,304
1592,burglar,1987,304
1593,batman: mask of the phantasm,1993,304
1594,rope,1948,304
1595,ride the high country,1962,305
1596,passion,1954,305
1597,all the pretty horses,2000,305
1598,cimarron,1931,305
1599,five easy pieces,1970,305
1600,paint your wagon,1969,305
1601,pale rider,1985,305
1602,mr. peabody & sherman,2014,306
1603,meet the robinsons,2007,306
1604,"honey, i blew up the kid",1992,306
1605,toy story,1995,306
1606,time bandits,1981,306
1607,daddy long legs,1955,307
1608,monster-in-law,2005,307
1609,carrie,1952,308
1610,friends with money,2006,308
1611,beautiful,2000,308
1612,something borrowed,2011,308
1613,mortal thoughts,1991,308
1614,win a date with tad hamilton!,2004,308
1615,going my way,1944,308
1616,flashdance,1983,308
1617,meet john doe,1941,309
1618,30 minutes or less,2011,309
1619,his girl friday,1940,309
1620,traffic,2000,309
1621,serpico,1973,309
1622,mr. holmes,2015,309
1623,blackhat,2015,310
1624,d.a.r.y.l.,1985,310
1625,sneakers,1992,310
1626,swordfish,2001,310
1627,hackers,1995,310
1628,terminator 2: judgment day,1991,310
1629,carnosaur 2,1995,310
1630,terminator salvation,2009,310
1631,tron,1982,310
1632,gamer,2009,310
1633,feds,1988,311
1634,charlie's angels: full throttle,2003,311
1635,metro,1997,311
1636,ballistic: ecks vs. sever,2002,311
1637,beethoven,1992,311
1638,casino royale,1967,312
1639,goldeneye,1995,312
1640,when a man loves a woman,1994,312
1641,needful things,1993,312
1642,anne of the thousand days,1969,313
1643,i am a fugitive from a chain gang,1932,313
1644,heart condition,1990,313
1645,gremlins,1984,313
1646,basket case,1982,313
1647,dodgeball: a true underdog story,2004,313
1648,ghost ship,2002,313
1649,because i said so,2007,313
1650,hitman,2007,313
1651,marley & me,2008,314
1652,planet 51,2009,314
1653,while you were sleeping,1995,314
1654,my first mister,2001,314
1655,jack the bear,1993,314
1656,night shift,1982,314
1657,the island,2005,315
1658,village of the damned,1995,315
1659,final fantasy: the spirits within,2001,315
1660,scream 4,2011,315
1661,point blank,1967,316
1662,revolver,2005,316
1663,lucky you,2007,316
1664,at close range,1986,316
1665,wild card,2015,316
1666,dark places,1973,316
1667,"corrina, corrina",1994,317
1668,who's harry crumb?,1989,317
1669,8mm,1999,317
1670,inland empire,2006,317
1671,tokyo godfathers,2003,317
1672,"protector, the",1985,317
1673,marked for death,1990,317
1674,inside llewyn davis,2013,318
1675,duel in the sun,1946,318
1676,mr. holland's opus,1995,318
1677,man of tai chi,2013,318
1678,throw momma from the train,1987,318
1679,in the land of women,2007,318
1680,guy x,2005,318
1681,the year my voice broke,1987,318
1682,meet wally sparks,1997,318
1683,mighty joe young,1949,319
1684,tarzan,1999,319
1685,madagascar: escape 2 africa,2008,319
1686,abraham lincoln: vampire hunter,2012,319
1687,hatari!,1962,319
1688,gunga din,1939,319
1689,born free,1966,319
1690,sheena,1984,319
1691,white fang,1991,319
1692,battleship,2012,320
1693,perfect sense,2011,320
1694,brother bear,2003,320
1695,blind fury,1989,320
1696,top secret!,1984,320
1697,fletch lives,1989,320
1698,little man tate,1991,321
1699,blade,1998,321
1700,star trek vi: the undiscovered country,1991,321
1701,waterworld,1995,321
1702,radio flyer,1992,321
1703,pump up the volume,1990,321
1704,black hawk down,2001,322
1705,buried,2010,322
1706,little caesar,1931,323
1707,generation x,1996,323
1708,final fantasy: the spirits within,2001,323
1709,poison ivy,1992,323
1710,scrooge,1935,323
1711,happy feet,2006,323
1712,the book of life,2014,323
1713,let the bullets fly,2010,324
1714,salaam bombay!,1988,324
1715,howl,2015,324
1716,super 8,2011,324
1717,up at the villa,2000,324
1718,in time,2011,325
1719,paddington,2015,325
1720,wristcutters: a love story,2006,325
1721,just friends,2005,325
1722,frozen,2010,325
1723,barney's version,2010,325
1724,the emperor's club,2002,326
1725,plain clothes,1988,326
1726,loser,2000,326
1727,flirting,1991,326
1728,accepted,2006,326
1729,rushmore,1998,326
1730,still crazy,1998,327
1731,hard core logo,1996,327
1732,it might get loud,2009,327
1733,peter's friends,1992,327
1734,sheena,1984,328
1735,strange magic,2015,328
1736,sleeping beauty,1959,328
1737,the golden voyage of sinbad,1973,328
1738,kung fu panda 2,2011,328
1739,on the beach,1959,328
1740,superman iv: the quest for peace,1987,328
1741,sleuth,2007,328
1742,trouble in paradise,1932,329
1743,marnie,1964,329
1744,out of sight,1998,329
1745,burglar,1987,329
1746,too late for tears,1949,329
1747,drop dead fred,1991,329
1748,howl,2015,329
1749,nobody's fool,1986,329
1750,psycho,1960,329
1751,police academy 3: back in training,1986,329
1752,blood feast,1963,330
1753,doc hollywood,1991,330
1754,shall we dance?,2004,330
1755,i think i love my wife,2007,330
1756,big business,1929,330
1757,hardball,2001,330
1758,despicable me 2,2013,330
1759,children of a lesser god,1986,330
1760,less than zero,1987,331
1761,dirty grandpa,2016,331
1762,sister act 2: back in the habit,1993,332
1763,bound,1996,332
1764,darkest hour,2017,332
1765,the infiltrator,2016,332
1766,beverly hills chihuahua,2008,332
1767,maurice,1987,333
1768,tomcats,2001,333
1769,restoration,1995,333
1770,it happened one night,1934,333
1771,tales from the darkside: the movie,1990,333
1772,gnomeo & juliet,2011,333
1773,village of the damned,1995,333
1774,looper,2012,334
1775,back to the future part ii,1989,334
1776,chicken little,2005,334
1777,back to the future,1985,334
1778,the dark tower,2017,334
1779,flight of the navigator,1986,334
1780,idaho transfer,1973,334
1781,dirty grandpa,2016,334
1782,crocodile dundee in los angeles,2001,334
1783,scorpio,1973,335
1784,enemy,2013,335
1785,americathon,1979,335
1786,mirror mirror,2012,336
1787,house at the end of the street,2012,336
1788,dark shadows,2012,336
1789,dracula,1931,336
1790,just visiting,2001,336
1791,angels and insects,1995,336
1792,doomsday,1928,336
1793,bottle rocket,1996,336
1794,junebug,2005,336
1795,malice,1993,337
1796,ladybugs,1992,337
1797,california split,1974,338
1798,goon,2012,338
1799,marathon man,1976,338
1800,101 dalmatians,1996,338
1801,despicable me 2,2013,338
1802,marat/sade,1967,338
1803,life as we know it,2010,338
1804,switchback,1997,338
1805,blackhat,2015,338
1806,royal flash,1975,339
1807,humpday,2009,339
1808,children of the corn iv: the gathering,1996,339
1809,the little prince,1974,339
1810,ali g indahouse,2002,339
1811,my family,1995,339
1812,room,2015,339
1813,jason x,2002,339
1814,frank,2014,340
1815,young frankenstein,1974,341
1816,your highness,2011,341
1817,black widow,1954,341
1818,blended,2014,341
1819,sirens,1994,341
1820,americathon,1979,341
1821,once upon a time in mexico,2003,341
1822,sling blade,1996,341
1823,jupiter ascending,2015,341
1824,jawbreaker,1999,341
1825,open range,2003,342
1826,driven,2001,342
1827,losing isaiah,1995,342
1828,dominion: prequel to the exorcist,2005,343
1829,getaway,2013,343
1830,snow day,2000,344
1831,the devil's advocate,1997,345
1832,trial and error,1997,345
1833,cleanskin,2012,345
1834,serendipity,2001,345
1835,spectre,1977,345
1836,soul surfer,2011,345
1837,the road within,2015,345
1838,biker boyz,2003,345
1839,attack of the 50 foot woman,1958,345
1840,stage door,1937,345
1841,saturday night fever,1977,346
1842,e.t. the extra-terrestrial,1982,347
1843,marathon man,1976,348
1844,speed,1994,348
1845,birdman of alcatraz,1962,349
1846,volcano,1997,350
1847,surf nazis must die,1987,350
1848,death race 2000,1975,350
1849,earthquake,1974,350
1850,dredd,2012,350
1851,tin cup,1996,350
1852,all about the benjamins,2002,351
1853,colombiana,2011,351
1854,ride along 2,2016,351
1855,my father the hero,1994,351
1856,diamonds are forever,1971,351
1857,ferngully: the last rainforest,1992,351
1858,harsh times,2006,353
1859,gladiator,1992,353
1860,nightcrawler,2014,353
1861,fun with dick and jane,1977,353
1862,"jeff, who lives at home",2012,353
1863,gleaming the cube,1989,353
1864,little murders,1971,355
1865,crossing delancey,1988,355
1866,phantom thread,2017,355
1867,eyes of laura mars,1978,355
1868,my first mister,2001,355
1869,admission,2013,355
1870,down with love,2003,355
1871,scent of a woman,1992,356
1872,better luck tomorrow,2002,356
1873,class act,1992,356
1874,assassination of a high school president,2009,356
1875,ferris bueller's day off,1986,356
1876,loser,2000,356
1877,kubo and the two strings,2016,357
1878,martha marcy may marlene,2011,357
1879,agent cody banks,2003,357
1880,gods and generals,2003,357
1881,hood of horror,2006,357
1882,walking and talking,1996,358
1883,what's your number?,2011,358
1884,black sea,2014,358
1885,hero,1992,358
1886,bean,1997,359
1887,tin cup,1996,359
1888,kong: skull island,2017,359
1889,mchale's navy,1964,360
1890,anna christie,1930,360
1891,condorman,1981,360
1892,get on up,2014,360
1893,super mario bros.,1993,360
1894,albino alligator,1997,360
1895,sweet smell of success,1957,360
1896,jumanji,1995,360
1897,witness,1985,362
1898,abduction,2011,362
1899,striking distance,1993,362
1900,deuces wild,2002,362
1901,joe somebody,2001,362
1902,paranoid park,2007,362
1903,the fate of the furious,2017,363
1904,revolution,1985,363
1905,harsh times,2006,365
1906,romy and michele's high school reunion,1997,365
1907,defiance,2008,366
1908,psycho ii,1983,366
1909,zero effect,1998,366
1910,"jewel of the nile, the",1985,366
1911,black rain,1989,366
1912,mumford,1999,366
1913,husbands and wives,1992,366
1914,lilo & stitch,2002,366
1915,palindromes,2004,367
1916,stuck,2007,367
1917,death on the nile,1978,367
1918,balto,1995,368
1919,dead again,1991,369
1920,red dragon,2002,369
1921,death wish 4: the crackdown,1987,370
1922,red planet,2000,371
1923,bolt,2008,371
1924,life after beth,2014,371
1925,encino man,1992,372
1926,my science project,1985,372
1927,idaho transfer,1973,372
1928,17 again,2009,372
1929,meet the robinsons,2007,372
1930,bill & ted's excellent adventure,1989,372
1931,back to the future part ii,1989,372
1932,fall,2014,372
1933,anne of the thousand days,1969,373
1934,fay grim,2006,373
1935,it's kind of a funny story,2010,373
1936,zoolander,2001,373
1937,hazard,1948,374
1938,two moon junction,1988,374
1939,funny girl,1968,374
1940,thoroughly modern millie,1967,374
1941,tortilla soup,2001,374
1942,double team,1997,375
1943,sleepless in seattle,1993,375
1944,machete,1958,376
1945,being there,1979,376
1946,song of the thin man,1947,376
1947,beethoven,1992,377
1948,hysteria,1965,378
1949,switchback,1997,378
1950,boiling point,1993,378
1951,crossfire,1947,378
1952,dead again,1991,378
1953,2 days in the valley,1996,378
1954,the silence of the hams,1994,378
1955,phone booth,2003,378
1956,scream 2,1997,380
1957,jagged edge,1985,380
1958,blood simple,1984,380
1959,texas chainsaw 3d,2013,380
1960,king of new york,1990,380
1961,radio days,1987,380
1962,maximum overdrive,1986,380
1963,guess who's coming to dinner,1967,380
1964,jubilee,1977,380
1965,the amazing spider-man 2,2014,380
1966,the book of life,2014,381
1967,lost horizon,1937,381
1968,king of new york,1990,381
1969,bride wars,2009,381
1970,my bloody valentine,1981,381
1971,little murders,1971,381
1972,unforgiven,1992,381
1973,bean,1997,381
1974,private school,1983,383
1975,turbulence,1997,384
1976,cold mountain,2003,384
1977,outbreak,1995,386
1978,black widow,1954,387
1979,funny girl,1968,387
1980,carnival of souls,1962,388
1981,peter pan,1924,390
1982,house at the end of the street,2012,391
1983,switchback,1997,391
1984,before and after,1996,391
1985,inventing the abbotts,1997,391
1986,dirty grandpa,2016,392
1987,last vegas,2013,392
1988,st. elmo's fire,1985,392
1989,it runs in the family,2003,392
1990,three men and a baby,1987,392
1991,easy money,1983,392
1992,puppet master ii,1991,392
1993,the finest hours,2016,392
1994,drive angry,2011,393
1995,ghost rider: spirit of vengeance,2012,393
1996,end of days,1999,393
1997,ghost rider,2007,393
1998,ruthless people,1986,393
1999,camp nowhere,1994,393
2000,cats don't dance,1997,393
2001,grudge match,2013,393
2002,wuthering heights,1939,393
2003,dragon seed,1944,393
2004,appaloosa,2008,394
2005,destry rides again,1939,394
2006,nevada smith,1966,394
2007,a million ways to die in the west,2014,394
2008,3:10 to yuma,1957,394
2009,men with brooms,2002,394
2010,sands of iwo jima,1949,394
2011,white squall,1996,394
2012,against the ropes,2004,394
2013,premium rush,2012,394
2014,labyrinth,1986,395
2015,maleficent,2014,395
2016,return to never land,2002,395
2017,beauty and the beast,1991,395
2018,alice through the looking glass,2016,395
2019,intolerable cruelty,2003,395
2020,on golden pond,1981,395
2021,pleasantville,1998,395
2022,"angus, thongs and perfect snogging",2008,395
2023,the lair of the white worm,1988,395
2024,alvin and the chipmunks: the squeakquel,2009,396
2025,looney tunes: back in action,2003,396
2026,elf,2003,396
2027,air bud: golden receiver,1998,396
2028,toy story,1995,396
2029,toy story 3,2010,396
2030,ethel & ernest,2016,396
2031,mr. woodcock,2007,396
2032,wargames,1983,397
2033,perfect blue,1997,397
2034,little caesar,1931,398
2035,radioland murders,1994,398
2036,scarface,1932,398
2037,"new york, new york",1977,398
2038,road to perdition,2002,398
2039,thief,1981,398
2040,disclosure,1994,398
2041,silent running,1972,398
2042,australia,2008,398
2043,basic instinct 2,2006,398
2044,secondhand lions,2003,399
2045,epic,2013,401
2046,paddington,2015,401
2047,starship troopers,1997,401
2048,25th hour,2002,401
2049,zookeeper,2011,401
2050,boys and girls,2000,401
2051,winnie the pooh,2011,401
2052,antz,1998,401
2053,charlie countryman,2013,401
2054,the queen,2006,401
2055,three to tango,1999,402
2056,due date,2010,402
2057,her,2013,402
2058,they live,1988,402
2059,memoirs of an invisible man,1992,402
2060,life as a house,2001,402
2061,pearl harbor,2001,402
2062,street kings,2008,402
2063,mother night,1996,404
2064,triumph of the spirit,1989,404
2065,inglourious basterds,2009,404
2066,outbreak,1995,404
2067,flushed away,2006,405
2068,land of the lost,2009,406
2069,suburban commando,1991,406
2070,looney tunes: back in action,2003,406
2071,bean,1997,406
2072,ghost town,2008,406
2073,dirty rotten scoundrels,1988,406
2074,life of pi,2012,406
2075,where the day takes you,1992,406
2076,kiss of death,1947,407
2077,money train,1995,407
2078,poseidon,2006,407
2079,my favorite martian,1999,407
2080,the lair of the white worm,1988,407
2081,3 days to kill,2014,408
2082,hardcore henry,2016,408
2083,blind fury,1989,408
2084,this island earth,1955,408
2085,any which way you can,1980,408
2086,blood diamond,2006,408
2087,paranoid park,2007,409
2088,the lego batman movie,2017,409
2089,stage door,1937,409
2090,bakuman,2015,409
2091,maniac,1934,409
2092,heartbreak ridge,1986,409
2093,san andreas,2015,411
2094,what dreams may come,1998,411
2095,grand canyon,1991,411
2096,final destination 5,2011,411
2097,due date,2010,411
2098,charlie countryman,2013,411
2099,star trek: insurrection,1998,411
2100,serenity,2005,411
2101,puppet master iii: toulon's revenge,1991,411
2102,drop dead fred,1991,412
2103,misery,1990,412
2104,amateur,1994,412
2105,snatched,2017,412
2106,quicksilver,1986,413
2107,"i, the jury",1953,413
2108,state of grace,1990,413
2109,marathon man,1976,413
2110,wayne's world 2,1993,413
2111,son of a gun,2014,413
2112,town & country,2001,413
2113,catch a fire,2006,413
2114,saving mr. banks,2013,413
2115,albatross,2011,413
2116,from the terrace,1960,414
2117,funny girl,1968,414
2118,krull,1983,414
2119,crank,2006,415
2120,mickey blue eyes,1999,415
2121,lucky number slevin,2006,415
2122,alone in the dark,1982,415
2123,marnie,1964,416
2124,stealing harvard,2002,416
2125,alice doesn't live here anymore,1974,416
2126,tigerland,2000,417
2127,house of cards,1969,417
2128,art school confidential,2006,417
2129,murder at 1600,1997,417
2130,i killed my mother (j'ai tué ma mère),2009,417
2131,dominion: prequel to the exorcist,2005,418
2132,to be or not to be,1942,418
2133,defiance,2008,418
2134,bent,1997,418
2135,stalag 17,1953,418
2136,triumph of the spirit,1989,418
2137,ballistic: ecks vs. sever,2002,419
2138,taken 3,2015,419
2139,big momma's house 2,2006,419
2140,rio bravo,1959,419
2141,ordinary people,1980,419
2142,white oleander,2002,419
2143,before night falls,2000,419
2144,joyful noise,2012,419
2145,unfinished business,1941,420
2146,uptown girls,2003,420
2147,walking and talking,1996,420
2148,girls about town,1931,420
2149,happy go lovely,1951,420
2150,mannequin,1937,420
2151,picture perfect,1997,420
2152,my boss's daughter,2003,420
2153,my first mister,2001,420
2154,bridget jones's diary,2001,420
2155,snow falling on cedars,1999,421
2156,monkeybone,2001,421
2157,pretty persuasion,2005,422
2158,camp nowhere,1994,422
2159,swimming with sharks,1994,422
2160,spice world,1998,422
2161,turbo kid,2015,423
2162,d.a.r.y.l.,1985,423
2163,terminator 3: rise of the machines,2003,423
2164,colors,1988,423
2165,snowden,2015,423
2166,transcendence,2014,424
2167,bicentennial man,1999,424
2168,tron,1982,424
2169,rocky iii,1982,424
2170,mrs. winterbourne,1996,425
2171,dirty pretty things,2002,425
2172,bless the child,2000,425
2173,philomena,2013,425
2174,speed 2: cruise control,1997,425
2175,lost highway,1997,426
2176,class act,1992,427
2177,blackboard jungle,1955,427
2178,teaching mrs. tingle,1999,427
2179,apt pupil,1998,427
2180,gleaming the cube,1989,427
2181,deliverance,1972,427
2182,the great raid,2005,427
2183,gang related,1997,428
2184,muppets from space,1999,428
2185,gravity,2013,428
2186,quigley down under,1990,428
2187,my life in ruins,2009,428
2188,twilight,1998,429
2189,maximum overdrive,1986,429
2190,about schmidt,2002,429
2191,employee of the month,2006,430
2192,hancock,2008,431
2193,midnight special,2016,431
2194,mother!,2017,431
2195,feeling minnesota,1996,432
2196,prizzi's honor,1985,432
2197,d.a.r.y.l.,1985,434
2198,terminator 3: rise of the machines,2003,434
2199,demolition man,1993,434
2200,sunrise: a song of two humans,1927,434
2201,don't look now,1973,434
2202,mermaids,1990,434
2203,midnight run,1988,435
2204,pontypool,2008,435
2205,bridget jones: the edge of reason,2004,436
2206,beautiful thing,1996,436
2207,vicky cristina barcelona,2008,436
2208,sunshine state,2002,436
2209,north by northwest,1959,436
2210,jersey boys,2014,437
2211,mo' better blues,1990,437
2212,glitter,2001,437
2213,still crazy,1998,437
2214,dreamgirls,2006,437
2215,purple rain,1984,437
2216,rock of ages,2012,437
2217,walk the line,2005,437
2218,great balls of fire!,1989,438
2219,that thing you do!,1996,438
2220,last days,2005,438
2221,jersey boys,2014,438
2222,kingpin,1996,438
2223,fat albert,2004,439
2224,toy story 2,1999,439
2225,toy story,1995,439
2226,boys and girls,2000,439
2227,care bears movie ii: a new generation,1986,439
2228,nick and norah's infinite playlist,2008,439
2229,scary movie 2,2001,439
2230,from justin to kelly,2003,439
2231,e.t. the extra-terrestrial,1982,440
2232,earth vs. the flying saucers,1956,440
2233,casper meets wendy,1998,440
2234,dark skies,2013,440
2235,motherhood,2009,440
2236,savior,1998,441
2237,sniper,1993,441
2238,bullets over broadway,1994,441
2239,dick,1999,441
2240,green room,2016,441
2241,heaven can wait,1943,441
2242,anywhere but here,1999,442
2243,from russia with love,1963,443
2244,best seller,1987,443
2245,dreamscape,1984,443
2246,assassins,1995,443
2247,frankenstein must be destroyed,1969,443
2248,once upon a time in mexico,2003,443
2249,knock off,1998,443
2250,new rose hotel,1998,443
2251,sid and nancy,1986,443
2252,deuce bigalow: male gigolo,1999,444
2253,s.f.w.,1994,444
2254,death wish 3,1985,444
2255,take shelter,2011,444
2256,marley & me,2008,444
2257,porky's ii: the next day,1983,444
2258,flying tigers,1942,445
2259,uptown girls,2003,446
2260,how to deal,2003,446
2261,helter skelter,1949,446
2262,never cry wolf,1983,447
2263,vampire hunter d,1985,447
2264,frankenstein meets the wolf man,1943,447
2265,underworld: rise of the lycans,2009,447
2266,teen wolf,1985,447
2267,conquest of the planet of the apes,1972,447
2268,losin' it,1983,447
2269,the imitation game,2014,448
2270,universal soldier,1992,449
2271,tigerland,2000,449
2272,the wild one,1953,449
2273,six days seven nights,1998,449
2274,god's not dead,2014,449
2275,dumb and dumberer: when harry met lloyd,2003,450
2276,something wicked this way comes,1983,450
2277,like mike,2002,450
2278,charlie and the chocolate factory,2005,450
2279,epic movie,2007,450
2280,exit to eden,1994,450
2281,interiors,1978,450
2282,made in america,1993,450
2283,escape from alcatraz,1979,450
2284,holiday,1938,450
2285,u.s. marshals,1998,451
2286,game of death,2010,451
2287,f/x,1986,451
2288,gang related,1997,451
2289,eraser,1996,451
2290,dead man on campus,1998,451
2291,mystic river,2003,451
2292,house at the end of the street,2012,451
2293,all that jazz,1979,451
2294,blade runner 2049,2017,452
2295,bringing out the dead,1999,452
2296,it takes two,1995,452
2297,it comes at night,2017,452
2298,extreme measures,1996,452
2299,me and you and everyone we know,2005,453
2300,ex machina,2015,453
2301,hesher,2011,453
2302,jason and the argonauts,1963,453
2303,i like it like that,1994,453
2304,click,2006,453
2305,deep impact,1998,453
2306,pretty woman,1990,453
2307,sisters,1973,454
2308,love in the afternoon,1957,454
2309,disconnect,2013,454
2310,music of the heart,1999,455
2311,mona lisa smile,2003,455
2312,gangster no. 1,2000,455
2313,talladega nights: the ballad of ricky bobby,2006,455
2314,bruce almighty,2003,455
2315,i'll be home for christmas,1998,456
2316,moscow on the hudson,1984,456
2317,ghost ship,2002,456
2318,repo men,2010,457
2319,stay alive,2006,457
2320,tron: legacy,2010,457
2321,ghost in the shell,2017,457
2322,sword art online the movie: ordinal scale,2017,457
2323,casshern,2004,457
2324,kill command,2016,457
2325,norbit,2007,458
2326,jumanji: welcome to the jungle,2017,458
2327,stand by me,1986,458
2328,kazaam,1996,458
2329,prom night,1980,458
2330,gods of egypt,2016,458
2331,dr. giggles,1992,459
2332,in the mouth of madness,1995,459
2333,the odyssey,1997,459
2334,inventing the abbotts,1997,459
2335,shiloh,1996,459
2336,eraser,1996,459
2337,species,1995,460
2338,earth vs. the flying saucers,1956,460
2339,hangar 18,1980,460
2340,battleship,2012,460
2341,stargate,1994,460
2342,the shape of water,2017,460
2343,13 sins,2014,460
2344,throw momma from the train,1987,460
2345,night at the museum,2006,460
2346,woman in gold,2015,461
2347,dominion: prequel to the exorcist,2005,461
2348,head of state,2003,462
2349,the space between us,2017,462
2350,no country for old men,2007,463
2351,cleanskin,2012,463
2352,crank,2006,463
2353,underworld: blood wars,2017,463
2354,black hawk down,2001,463
2355,mr. 3000,2004,463
2356,eve's bayou,1997,463
2357,g.b.f.,2013,464
2358,house arrest,1996,464
2359,pride and glory,2008,464
2360,touch of pink,2004,464
2361,assault on precinct 13,1976,464
2362,money train,1995,464
2363,braddock: missing in action iii,1988,465
2364,hamburger hill,1987,465
2365,platoon,1986,465
2366,snatch,2000,465
2367,palmetto,1998,465
2368,richard iii,1955,465
2369,making mr. right,1987,465
2370,pete's dragon,2016,466
2371,kull the conqueror,1997,466
2372,dungeons & dragons,2000,466
2373,beowulf,1999,466
2374,dragonslayer,1981,466
2375,"objective, burma!",1945,467
2376,open range,2003,467
2377,beyond the poseidon adventure,1979,467
2378,lucky number slevin,2006,467
2379,major payne,1995,468
2380,reign over me,2007,468
2381,i saw what you did,1965,468
2382,42,2013,468
2383,it follows,2015,468
2384,the monkey king,2014,468
2385,with honors,1994,468
2386,jefferson in paris,1995,468
2387,rock star,2001,468
2388,american outlaws,2001,469
2389,gods and generals,2003,469
2390,true grit,1969,469
2391,victor frankenstein,2015,469
2392,radio,2009,469
2393,master and commander: the far side of the world,2003,469
2394,blue chips,1994,469
2395,american gigolo,1980,470
2396,very bad things,1998,470
2397,equilibrium,2002,471
2398,titan a.e.,2000,471
2399,children of men,2006,471
2400,dredd,2012,471
2401,tank girl,1995,471
2402,interiors,1978,471
2403,i.q.,1994,471
2404,eraserhead,1977,471
2405,jaws 3-d,1983,471
2406,to end all wars,2001,471
2407,hatchet iii,2013,472
2408,dominick and eugene,1988,473
2409,please don't eat the daisies,1960,473
2410,lbj,2017,473
2411,lean on me,1989,473
2412,indian summer,1993,473
2413,hard promises,1991,473
2414,some kind of wonderful,1987,473
2415,captain america,1944,473
2416,zero dark thirty,2012,473
2417,crimson tide,1995,474
2418,bulworth,1998,474
2419,the shape of water,2017,474
2420,maniac cop 2,1990,474
2421,"emerald forest, the",1985,474
2422,doctor dolittle,1967,474
2423,3 idiots,2009,474
2424,scary movie,2000,474
2425,lake placid,1999,475
2426,nothing personal,1995,475
2427,happy go lovely,1951,475
2428,indiana jones and the kingdom of the crystal skull,2008,475
2429,interview,2007,476
2430,you will meet a tall dark stranger,2010,476
2431,tequila sunrise,1988,476
2432,continental divide,1981,476
2433,september,1987,476
2434,dirty grandpa,2016,476
2435,suburban commando,1991,476
2436,collateral,2004,476
2437,prince of persia: the sands of time,2010,476
2438,on the town,1949,476
2439,mother,1996,477
2440,out of time,2003,477
2441,epic movie,2007,478
2442,dumb and dumberer: when harry met lloyd,2003,478
2443,"goonies, the",1985,478
2444,lilies of the field,1963,478
2445,ladyhawke,1985,478
2446,love at first bite,1950,478
2447,oldboy,2013,478
2448,you'll never get rich,1941,478
2449,star trek: first contact,1996,479
2450,mom and dad save the world,1992,479
2451,my giant,1998,479
2452,greed,1924,479
2453,2046,2004,479
2454,tales of manhattan,1942,479
2455,thirteen,2003,479
2456,shooting fish,1997,479
2457,rare birds,2001,479
2458,spectre,1977,480
2459,beverly hills cop ii,1987,480
2460,mary reilly,1996,480
2461,chalet girl,2011,481
2462,nim's island,2008,481
2463,poison ivy,1992,481
2464,little miss marker,1934,481
2465,my life,1993,481
2466,kissed,1996,481
2467,shaun the sheep movie,2015,481
2468,rookie of the year,1993,481
2469,double team,1997,482
2470,savior,1998,482
2471,body of lies,2008,482
2472,sniper,1993,482
2473,where the heart is,1990,482
2474,conquest of the planet of the apes,1972,482
2475,suspect zero,2004,482
2476,lost in space,1998,483
2477,when worlds collide,1951,483
2478,mission to mars,2000,483
2479,geostorm,2017,483
2480,glen or glenda,1953,483
2481,leprechaun 2,1994,483
2482,harry potter and the deathly hallows: part 1,2010,483
2483,little children,2006,484
2484,how to be single,2016,484
2485,the boy next door,2015,484
2486,killing me softly,2002,484
2487,shopgirl,2005,484
2488,something borrowed,2011,484
2489,what's your number?,2011,484
2490,real women have curves,2002,484
2491,troy,2004,485
2492,lady jane,1986,485
2493,tristan & isolde,2006,485
2494,beverly hills cop iii,1994,485
2495,hollywood shuffle,1987,485
2496,child's play 3,1991,485
2497,velvet goldmine,1998,485
2498,battlefield earth,2000,486
2499,42,2013,486
2500,mercury rising,1998,487
2501,witness,1985,487
2502,dr. no,1962,487
2503,sherlock holmes and the secret weapon,1943,487
2504,young sherlock holmes,1985,487
2505,from beyond,1986,488
2506,re-animator,1985,488
2507,spectre,1977,488
2508,payback,1995,488
2509,beauty and the beast,1991,489
2510,"black cauldron, the",1985,489
2511,epic movie,2007,489
2512,mirrormask,2005,489
2513,confessions of a teenage drama queen,2004,489
2514,alice in wonderland,1903,489
2515,snow white and the seven dwarfs,1937,489
2516,i kill giants,2017,489
2517,time bandits,1981,489
2518,eragon,2006,489
2519,hysteria,1965,490
2520,next stop wonderland,1998,490
2521,hope springs,2003,490
2522,shiloh,1996,490
2523,welcome to sarajevo,1997,490
2524,kingsman: the golden circle,2017,490
2525,mildred pierce,1945,490
2526,monster-in-law,2005,490
2527,shrek the third,2007,490
2528,real women have curves,2002,491
2529,little miss sunshine,2006,491
2530,poison ivy,1992,491
2531,precious,2009,491
2532,admission,2013,491
2533,moonstruck,1987,491
2534,1941,1979,491
2535,grand theft parsons,2003,491
2536,de-lovely,2004,491
2537,fool's gold,2008,491
2538,state of grace,1990,492
2539,nighthawks,1981,492
2540,alaska,1944,492
2541,22 jump street,2014,492
2542,only you,1992,492
2543,bakuman,2015,492
2544,rush hour 3,2007,493
2545,21 and over,2013,493
2546,murder on the orient express,2017,493
2547,tinker tailor soldier spy,2011,493
2548,terminator salvation,2009,494
2549,hackers,1995,494
2550,terminator genisys,2015,494
2551,d.a.r.y.l.,1985,494
2552,demolition man,1993,494
2553,they live,1988,494
2554,turbo kid,2015,494
2555,solo,1996,494
2556,impostor,2002,494
2557,key largo,1948,494
2558,becoming jane,2007,495
2559,single white female,1992,495
2560,crossing delancey,1988,495
2561,class act,1992,495
2562,aspen extreme,1993,495
2563,what lies beneath,2000,496
2564,rosemary's baby,1968,496
2565,annabelle: creation,2017,496
2566,inherent vice,2014,496
2567,frozen,2010,496
2568,men of honor,2000,496
2569,point blank,1967,497
2570,red rock west,1992,497
2571,slither,1973,497
2572,untamed heart,1993,497
2573,just like heaven,2005,497
2574,hollywood ending,2002,497
2575,calvary,2014,497
2576,center stage,2000,498
2577,office space,1999,498
2578,major payne,1995,498
2579,hot tub time machine,2010,498
2580,dunston checks in,1996,498
2581,"black cauldron, the",1985,500
2582,shrek the third,2007,500
2583,enchanted,2007,500
2584,mirror mirror,2012,500
2585,dragonslayer,1981,500
2586,first snow,2006,500
2587,max payne,2008,501
2588,mitchell,1975,501
2589,city by the sea,2002,501
2590,basic instinct,1992,501
2591,dead again,1991,501
2592,presumed innocent,1990,501
2593,after the thin man,1936,501
2594,hot tub time machine,2010,501
2595,cruel intentions,1999,501
2596,monsieur verdoux,1947,503
2597,before and after,1996,503
2598,dolores claiborne,1995,503
2599,clay pigeons,1998,503
2600,beverly hills cop iii,1994,503
2601,gun shy,2000,503
2602,goodfellas,1990,503
2603,marie antoinette,1938,504
2604,high plains drifter,1973,504
2605,ernest goes to jail,1990,504
2606,pickup on south street,1953,504
2607,despite the falling snow,2016,504
2608,scary movie 4,2006,504
2609,being julia,2004,504
2610,horse feathers,1932,504
2611,winchester '73,1950,504
2612,my girl 2,1994,506
2613,with six you get eggroll,1968,506
2614,peggy sue got married,1986,506
2615,v/h/s/2,2013,506
2616,giant,1956,507
2617,silverado,1985,507
2618,20 million miles to earth,1957,507
2619,shanghai noon,2000,507
2620,jarhead,2005,508
2621,heartbreak ridge,1986,508
2622,all quiet on the western front,1930,508
2623,dead presidents,1995,508
2624,hamburger hill,1987,508
2625,from here to eternity,1953,508
2626,dominion: prequel to the exorcist,2005,508
2627,sullivan's travels,1941,508
2628,titan a.e.,2000,508
2629,rapid fire,1992,508
2630,hood of horror,2006,509
2631,extreme measures,1996,509
2632,far from home: the adventures of yellow dog,1995,509
2633,abduction,2011,510
2634,without a paddle,2004,510
2635,river's edge,1986,510
2636,crossfire,1947,510
2637,48 hrs.,1982,510
2638,all the pretty horses,2000,510
2639,top gun,1955,510
2640,the nice guys,2016,510
2641,another stakeout,1993,510
2642,guardians,2017,510
2643,radio flyer,1992,512
2644,allan quatermain and the lost city of gold,1987,512
2645,kazaam,1996,512
2646,norbit,2007,512
2647,project x,1987,512
2648,the man from u.n.c.l.e.,2015,513
2649,dog day afternoon,1975,513
2650,sneakers,1992,513
2651,nixon,1995,513
2652,hopscotch,1980,513
2653,young guns ii,1990,513
2654,jupiter ascending,2015,513
2655,kung fu panda 3,2016,513
2656,inside man,2006,513
2657,smokey and the bandit,1977,514
2658,dominion: prequel to the exorcist,2005,514
2659,city slickers ii: the legend of curly's gold,1994,514
2660,pride & prejudice,2005,514
2661,insomnia,2002,515
2662,misery,1990,515
2663,m. butterfly,1993,515
2664,first daughter,2004,515
2665,primer,2004,515
2666,casper,1995,516
2667,never been kissed,1999,517
2668,man up,2015,517
2669,my big fat greek wedding 2,2016,517
2670,going the distance,2010,517
2671,laggies,2014,517
2672,biker boyz,2003,517
2673,monster's ball,2001,518
2674,dead man walking,1995,518
2675,mrs. doubtfire,1993,519
2676,kramer vs. kramer,1979,519
2677,daddy's home,2015,519
2678,intolerable cruelty,2003,519
2679,burn after reading,2008,519
2680,cyrus,2010,519
2681,bringing down the house,2003,519
2682,superman returns,2006,519
2683,airport,1970,519
2684,hard rain,1998,520
2685,48 hrs.,1982,520
2686,run,1991,520
2687,poison ivy,1992,521
2688,case 39,2010,521
2689,new waterford girl,1999,521
2690,mini's first time,2006,521
2691,street fighter,1994,521
2692,valiant,2005,522
2693,problem child 2,1991,522
2694,riddick,2013,523
2695,hitchcock,2012,523
2696,another stakeout,1993,523
2697,freddy got fingered,2001,523
2698,nebraska,2013,523
2699,stonewall,1995,524
2700,labyrinth,1986,524
2701,albatross,2011,524
2702,"good morning, vietnam",1987,524
2703,runner runner,2013,524
2704,i spit on your grave,1978,524
2705,limelight,1952,525
2706,lolita,1962,525
2707,helen of troy,1956,525
2708,babe: pig in the city,1998,525
2709,moonstruck,1987,525
2710,last of the dogmen,1995,525
2711,my sister's keeper,2009,525
2712,red hill,2010,526
2713,before sunset,2004,526
2714,north dallas forty,1979,526
2715,hangar 18,1980,526
2716,calvary,2014,526
2717,300: rise of an empire,2014,526
2718,we are what we are,2013,526
2719,flesh and bone,1993,527
2720,ned kelly,2003,529
2721,bless the child,2000,529
2722,boogeyman,2005,529
2723,campfire tales,1997,529
2724,fathers' day,1997,529
2725,boy,2005,529
2726,you're next,2011,529
2727,steve jobs,2015,529
2728,marnie,1964,529
2729,the great train robbery,1903,530
2730,dead heat,1988,530
2731,drugstore cowboy,1989,530
2732,fried green tomatoes,1991,530
2733,kick-ass 2,2013,531
2734,batman v superman: dawn of justice,2016,531
2735,superman iii,1983,531
2736,man of steel,2013,531
2737,how do you know,2010,531
2738,art school confidential,2006,531
2739,zootopia,2016,532
2740,fire with fire,1986,532
2741,hamlet,1996,533
2742,protocol,1984,533
2743,killer klowns from outer space,1988,533
2744,war horse,2011,533
2745,wing commander,1999,533
2746,quick change,1990,533
2747,maggie,2015,534
2748,resident evil: extinction,2007,534
2749,devil's playground,2010,534
2750,the 5th wave,2016,534
2751,resident evil: apocalypse,2004,534
2752,day of the dead,1985,534
2753,look who's talking,1989,534
2754,citizen x,1995,534
2755,we bought a zoo,2011,534
2756,fantastic four,2005,536
2757,"hello, dolly!",1969,536
2758,flight,1929,536
2759,life as we know it,2010,536
2760,foxy brown,1974,536
2761,300: rise of an empire,2014,536
2762,high plains drifter,1973,536
2763,billy jack,1971,537
2764,dangerous ground,1997,537
2765,dead presidents,1995,537
2766,cloudburst,2011,537
2767,gridiron gang,2006,538
2768,only the strong,1993,538
2769,stand and deliver,1988,538
2770,dumb and dumberer: when harry met lloyd,2003,538
2771,high school high,1996,538
2772,freedom writers,2007,538
2773,national lampoon's senior trip,1995,538
2774,sleeping beauty,1959,539
2775,higher learning,1995,540
2776,school ties,1992,540
2777,class act,1992,540
2778,dope,2015,540
2779,blackboard jungle,1955,540
2780,teaching mrs. tingle,1999,540
2781,mortal thoughts,1991,540
2782,guardians of the galaxy,2014,541
2783,pride & prejudice,2005,541
2784,hamlet,1996,541
2785,amityville ii: the possession,1982,541
2786,halloween,1978,541
2787,pathology,2008,541
2788,secretary,2002,541
2789,sergeant york,1941,542
2790,harry and the hendersons,1987,542
2791,jack ryan: shadow recruit,2014,542
2792,the boy next door,2015,543
2793,trainwreck,2015,543
2794,just go with it,2011,543
2795,she's the one,1996,543
2796,house on haunted hill,1959,543
2797,failure to launch,2006,543
2798,invictus,2009,543
2799,i confess,1953,544
2800,doubt,2008,544
2801,boomerang,1947,544
2802,boys town,1938,544
2803,from the earth to the moon,1958,546
2804,torque,2004,546
2805,all or nothing,2002,547
2806,fireproof,2008,547
2807,dangerous minds,1995,548
2808,poetic justice,1993,548
2809,death wish 4: the crackdown,1987,548
2810,white oleander,2002,548
2811,wild,2014,548
2812,crazy in alabama,1999,548
2813,the silence of the hams,1994,549
2814,dead again,1991,549
2815,boiling point,1993,549
2816,killer's kiss,1955,549
2817,while you were sleeping,1995,549
2818,city of ember,2008,550
2819,mad max beyond thunderdome,1985,550
2820,sky high,2005,551
2821,throw momma from the train,1987,551
2822,friends with kids,2012,551
2823,300,2007,551
2824,christmas in connecticut,1945,551
2825,tango & cash,1989,551
2826,creep,2004,551
2827,murder by death,1976,554
2828,sorority house massacre,1987,554
2829,copycat,1995,555
2830,malice,1993,555
2831,vanilla sky,2001,555
2832,raising cain,1992,555
2833,alone in the dark,1982,555
2834,danny deckchair,2003,555
2835,jaws 2,1978,555
2836,black rain,1989,555
2837,undertow,1949,555
2838,josie and the pussycats,2001,555
2839,the fate of the furious,2017,556
2840,brother bear,2003,556
2841,apocalypse now,1979,556
2842,enchanted,2007,559
2843,just visiting,2001,559
2844,krull,1983,559
2845,first knight,1995,559
2846,beauty and the beast,1991,559
2847,excalibur,1981,559
2848,fire and ice,1983,559
2849,"black cauldron, the",1985,559
2850,valentine,2001,559
2851,child's play,1988,560
2852,halloween 5: the revenge of michael myers,1989,560
2853,frailty,2001,560
2854,zapped!,1982,560
2855,calendar girls,2003,560
2856,judgment at nuremberg,1961,560
2857,another 48 hrs.,1990,560
2858,starsky & hutch,2004,560
2859,intolerable cruelty,2003,561
2860,domestic disturbance,2001,561
2861,"crazy, stupid, love.",2011,561
2862,losing isaiah,1995,562
2863,novocaine,2001,562
2864,max,2015,562
2865,gardens of stone,1987,562
2866,center stage,2000,563
2867,save the last dance,2001,563
2868,burlesque,2010,563
2869,i shot andy warhol,1996,563
2870,sweet charity,1969,563
2871,honey,2003,563
2872,down to earth,1947,563
2873,stage door,1937,563
2874,shall we dance,1937,563
2875,all the king's men,1949,563
2876,bachelor party,1984,564
2877,holiday,1938,564
2878,smokin' aces,2007,564
2879,timeline,2003,564
2880,fresh,1994,564
2881,"cry, the beloved country",1995,564
2882,drinking buddies,2013,564
2883,eraser,1996,565
2884,absolute power,1997,565
2885,body of evidence,1993,565
2886,braveheart,1995,566
2887,robin hood: men in tights,1993,566
2888,idiocracy,2006,568
2889,snowden,2015,568
2890,hobo with a shotgun,2011,568
2891,jubilee,1977,568
2892,millions,2004,568
2893,diamonds are forever,1971,569
2894,skyfall,2012,569
2895,moonraker,1979,569
2896,cleanskin,2012,569
2897,big daddy,1999,569
2898,guinevere,1999,569
2899,walk the line,2005,569
2900,death wish 4: the crackdown,1987,569
2901,signs,2002,570
2902,little buddha,1994,570
2903,dark passage,1947,570
2904,pride and prejudice,1940,570
2905,18 again!,1988,570
2906,constantine,2005,571
2907,hideaway,1995,571
2908,annabelle: creation,2017,571
2909,monster-in-law,2005,571
2910,born to kill,1947,571
2911,matchstick men,2003,571
2912,seven psychopaths,2012,571
2913,bend it like beckham,2002,571
2914,firefox,1982,572
2915,doubt,2008,572
2916,high sierra,1941,572
2917,lord of illusions,1995,572
2918,whiplash,1948,572
2919,kindergarten cop,1990,572
2920,other people's money,1991,574
2921,obsessed,2009,574
2922,intolerable cruelty,2003,574
2923,tron,1982,574
2924,guy x,2005,574
2925,henry v,1944,574
2926,the butterfly effect,2004,574
2927,crank,2006,575
2928,2 days in the valley,1996,575
2929,return to oz,1985,575
2930,that awkward moment,2014,575
2931,casanova,2005,575
2932,key largo,1948,575
2933,"they shoot horses, don't they?",1969,576
2934,shall we dance?,2004,576
2935,breakin',1984,576
2936,girls just want to have fun,1985,576
2937,honey,2003,576
2938,clash of the titans,1981,576
2939,"jewel of the nile, the",1985,576
2940,nightcrawler,2014,576
2941,dangerous ground,1997,576
2942,kiss of death,1947,577
2943,shakespeare in love,1998,579
2944,dawn of the planet of the apes,2014,580
2945,the girl with all the gifts,2017,580
2946,i am legend,2007,580
2947,v for vendetta,2005,580
2948,furious 7,2015,580
2949,this boy's life,1993,580
2950,the butterfly effect,2004,580
2951,tornado!,1996,580
2952,straw dogs,1971,580
2953,dr. strangelove or: how i learned to stop worrying and love the bomb,1964,580
2954,tommy,1975,581
2955,mr. destiny,1990,581
2956,bottle rocket,1996,581
2957,life or something like it,2002,581
2958,man of aran,1934,581
2959,playing god,1997,581
2960,true crime,1999,581
2961,fall,2014,581
2962,land of the dead,2005,581
2963,friends with benefits,2011,581
2964,pat and mike,1952,582
2965,"crazy, stupid, love.",2011,582
2966,spread,2009,582
2967,sing,1989,582
2968,lawrence of arabia,1962,582
2969,no country for old men,2007,582
2970,gossip,2000,583
2971,august rush,2007,583
2972,pitch perfect,2012,583
2973,lethal weapon 3,1992,584
2974,one false move,1992,584
2975,blitz,2011,584
2976,vicky cristina barcelona,2008,584
2977,takers,2010,585
2978,white men can't jump,1992,585
2979,batman v superman: dawn of justice,2016,585
2980,frequently asked questions about time travel,2009,585
2981,rear window,1954,585
2982,battle for the planet of the apes,1973,585
2983,rope,1948,585
2984,vampire hunter d,1985,585
2985,corpse bride,2005,585
2986,sneakers,1992,586
2987,doctor dolittle,1967,586
2988,kiss kiss bang bang,2005,586
2989,paths of glory,1957,586
2990,dinosaur,2000,586
2991,carnage,2011,586
2992,mrs. miniver,1942,587
2993,liberal arts,2012,587
2994,the theory of everything,2014,587
2995,boys don't cry,1999,587
2996,the witch,2016,587
2997,the finest hours,2016,587
2998,hell comes to frogtown,1987,587
2999,marley & me,2008,587
3000,eye of the beholder,1999,588
3001,home alone 2: lost in new york,1992,589
3002,mixed nuts,1994,589
3003,dark skies,2013,589
3004,funny games,2008,589
3005,home alone 3,1997,589
3006,baby's day out,1994,589
3007,prancer,1989,589
3008,all of me,1984,589
3009,james and the giant peach,1996,590
3010,fantastic beasts and where to find them,2016,590
3011,legend of the guardians: the owls of ga'hoole,2010,590
3012,harry potter and the half-blood prince,2009,590
3013,harry potter and the prisoner of azkaban,2004,590
3014,harry potter and the goblet of fire,2005,590
3015,harry potter and the deathly hallows: part 1,2010,590
3016,harry potter and the deathly hallows: part 2,2011,590
3017,school of rock,2003,591
3018,little man tate,1991,591
3019,purple rain,1984,591
3020,tommy,1975,591
3021,dracula,1931,591
3022,one hour photo,2002,591
3023,lightning jack,1994,592
3024,3:10 to yuma,1957,592
3025,hombre,1967,592
3026,wild card,2015,592
3027,rounders,1998,592
3028,destry rides again,1939,592
3029,slow west,2015,592
3030,lucky you,2007,592
3031,all the pretty horses,2000,592
3032,stage beauty,2004,593
3033,corpse bride,2005,593
3034,anthony adverse,1936,593
3035,gaslight,1944,593
3036,casanova,2005,593
3037,nicholas nickleby,2002,593
3038,street kings,2008,593
3039,modern times,1936,593
3040,30 minutes or less,2011,594
3041,knock off,1998,594
3042,shenandoah,1965,594
3043,moon,2009,594
3044,eden,2012,594
3045,silent hill,2006,594
3046,anne of the thousand days,1969,595
3047,robin hood: prince of thieves,1991,595
3048,lady jane,1986,595
3049,notting hill,1999,595
3050,shadows and fog,1991,595
3051,confessions of a dangerous mind,2002,595
3052,ghosts of mars,2001,595
3053,man's best friend,1993,596
3054,dr. dolittle 2,2001,596
3055,the secret life of pets,2016,596
3056,wrongfully accused,1998,596
3057,limitless,2011,596
3058,forces of nature,1999,596
3059,rocket singh: salesman of the year,2009,596
3060,st. elmo's fire,1985,597
3061,how to be single,2016,597
3062,sex and the city 2,2010,597
3063,yentl,1983,597
3064,jingle all the way,1996,597
3065,exam,2009,597
3066,good time,2017,597
3067,central intelligence,2016,597
3068,the purge: election year,2016,598
3069,"i love you, beth cooper",2009,598
3070,song of the thin man,1947,598
3071,safety last!,1923,600
3072,miracle,2004,600
3073,this property is condemned,1966,601
3074,places in the heart,1984,601
3075,little women,1933,601
3076,dragonheart,1996,601
3077,we need to talk about kevin,2011,601
3078,something wild,1961,601
3079,destry rides again,1939,602
3080,slow west,2015,602
3081,lucky you,2007,602
3082,follow the fleet,1936,602
3083,the little prince,1974,602
3084,invictus,2009,602
3085,central intelligence,2016,602
3086,elizabeth: the golden age,2007,602
3087,invincible shaolin,1978,602
3088,...all the marbles,1981,602
3089,solo,1996,603
3090,filth,2013,603
3091,romeo and juliet,1968,603
3092,king of kings,1961,603
3093,for love of the game,1999,603
3094,seeking a friend for the end of the world,2012,603
3095,coyote ugly,2000,603
3096,shining through,1992,605
3097,dead presidents,1995,605
3098,sweet sixteen,2016,605
3099,dear john,2010,605
3100,kingdom of heaven,2005,605
3101,ferngully: the last rainforest,1992,605
3102,mad max beyond thunderdome,1985,605
3103,norma rae,1979,605
3104,coriolanus,2010,605
3105,it's a wonderful life,1946,605
3106,hellboy ii: the golden army,2008,606
3107,big,1988,606
3108,zeus and roxanne,1997,606
3109,damien: omen ii,1978,606
3110,rushmore,1998,606
3111,woman on top,2000,606
3112,wizards,1977,606
3113,american flyers,1985,606
3114,where eagles dare,1968,606
3115,apollo 18,2011,607
3116,bullet in the head,1990,607
3117,national lampoon's vacation,1983,607
3118,barbershop,2002,608
3119,kingpin,1996,608
3120,diary of a wimpy kid: rodrick rules,2011,608
3121,freddy got fingered,2001,608
3122,goon,2012,608
3123,aspen extreme,1993,608
3124,eddie the eagle,2016,608
3125,happy gilmore,1996,608
3126,d2: the mighty ducks,1994,608
3127,air bud,1997,608
3128,beginning of the end,1957,609
3129,dinner for schmucks,2010,609
3130,this is england,2007,609
3131,let it ride,1989,609
